MidMichigan Medical Center-Gladwin,
"Updated:  April 1, 2019",
,
Charge Description,Standard Charge
" ROOM CHARGE, PRIVATE",1420
" ROOM CHARGE, SEMI-PRIVATE",1420
" ROOM CHARGE, ED",1172
" ROOM CHARGE, INTENSIVE CARE UNIT, LEVEL 1",1420
" ROOM CHARGE, PROGRESSIVE CARE UNIT",1420
 IVIG PRE-SERVICE,129
 IV HYDRATION INITIAL HOUR,300
 IV HYDRATION EACH ADDTL HOUR,147
 IV INFUSION INITIAL HOUR,328
 IV INFUSION EACH ADDTL HOUR,147
 IV INFUSION ADDTL SEQ 1ST HR,191
 IV INFUSION CONCURRENT,117
 INJECTION INTRAMUSCULAR OR SUBCUTANEOUS,96
 IV PUSH SINGLE/INITIAL DRUG,142
 IV PUSH EACH ADDTL SEQ NEW DRUG,147
 IV PUSH EACH ADDTL SEQ SAME DRUG,147
 PORT FLUSH/IMPLANTED VAD IRRIGATION,131
 PROCESSING CS-LEVEL 1,83
 PROCESSING CS-LEVEL 2,169
 PROCESSING CS-LEVEL 3,323
 ULTRASOUND/SONOSITE,207
 COVADERM DRESSING,6
 SHORT ARM CAST,0
 LONG ARM CAST,0
 LONG LEG CAST,0
 SHORT LEG CAST,0
 CAST/SPLINT,0
 SPICA HIP CAST,0
 INCENTIVE SPIROMETER INITIAL,122
 ELECTROSURGICAL UNIT,186
 HUBER NEEDLE,25
 CATH ANCHORING PICC,25
" TOURNIQUET, DISPOSABLE, ED",67
 SHOULDER ORTHOSIS PREFAB,163
 ELBOW ORTHOTIC WO JOINTS,312
 EWHO WITHOUT JOINTS,804
 EWHO W JOINT/BAND/TURNBCK,843
 EWHFO WITHOUT JOINTS,1378
 EWHFO W JOINT/BAND/TURNBK,1460
 WHFO W JOINT/BAND/TURNBKL,488
 RCAI SPL-PREFAB,144
 WHFO WITHOUT JOINTS,384
 WHO W JOINT/BAND/TURNBCKL,1067
 WHO WITHOUT JOINTS,545
 HFO WITHOUT JOINTS,291
 HAND ORTHOTIC WO JOINTS,291
 HFO W JOINT/BAND/TURNBCKL,345
 FINGER ORTHOTIC WO JOINTS,229
 FO W JOINT/BAND/TURNBCKL,239
 SAFETY PIN MOD SPRINGWIRE,69
 AIR SPLINT-ANKLE,157
 SAFETY PIN SPRG WIRE SPLT,69
 SPECIAL ORTHOPEDIC DEVICE,0
 CERVICAL COLLAR SOFT,90
" CERVICAL COLLAR, PLASTIC",165
 KNEE IMMOBILIZER,220
 ANKLE STIRRUP,100
" WALKING BOOT, DARBY",52
 SHOULDER IMMOBILIZER,85
 WRIST COCK-UP SPLINT,90
 WRIST BRACE W THUMB,116
 AIR SPLINT - ANKLE,157
 PRECAUTION TUBE,0
 ALPHA FETO PROT MATERNAL,0
" LEAD, TO MDCH",0
 TRAVEL ONE WAY LESS THAN 20 MILES,12
 CATH FOR URINE SPECIMEN,133
 ROUTINE VENIPUNCTURE,13
 PATERNITY TESTING,52
 BREATH ALCOHOL TEST,39
 BLOOD DRAW FEE CAPILLARY,16
 BLOOD DRAW IMPLANTED VENOUS DEVICE,88
 BLOOD DRAW CENTRAL/PICC LINE,137
 BLOOD GAS DRAW,111
" HANDLING CHARGE SPECIMEN PATIENT, EXCEPT IN OFFICE, TO LAB",23
" HANDLING CHARGE SPECIMEN PATIENT, NOT IN OFFICE, TO LAB",42
" HANDLING CHARGE SPECIMEN PATIENT, NOT IN OFFICE TO LAB, DEPT TRANS",30
 PSA PROS SPEC ANG SCREEN,107
 DRUG TEST PRESUMPTIVE OPTICAL INSTRUMENT,162
 DRUG SCREEN QUANTALCOHOLS,112
 NICOTINE SCREEN,56
 ANALGESICS NON OPIOID 1/2,90
 METABOLIC PANEL TOTAL CALCIUM,110
 ELECTROLYTE PANEL,75
 COMPREHENSIVE METABOLIC PANEL,146
 LIPID PANEL,129
 RENAL FUNCTION PANEL,115
 LIVER FUNCTION PANEL,69
 CARBAMAZEPINE (TEGRETOL),84
 DIGOXIN SERUM,136
 VALPROIC ACID (DEPAKENE),162
 EVEROLIMUS DRUG ASSAY,260
 GENTAMICIN,190
 LITHIUM,59
 PHENOBARBITOL,158
 PHENYTOIN (DILANTIN) TOTAL,96
 TACROLIMUS,208
 THEOPHYLLINE,140
 TOBRAMYCIN,117
 VANCOMYCIN,107
 URINANALYSIS VOLUME MEASUREMENT EACH,13
" KETONES, ACETONE",66
 ALBUMIN SERUM,47
 ALBUMIN FLUID,39
" ALBUMIN, URINE",93
 AMMONIA,137
 AMYLASE,83
 AMYLASE BODY FLUID,37
 BILIRUBIN TOTAL,47
 BILIRUBIN DIRECT,47
 VITAMIN D 25 HYDROXY,105
 CALCIUM LEVEL,47
" CALCIUM, IONIZED",45
 CALCIUM QUANT URINE,48
 CARBON DIOXIDE,36
 CARBOXYHEMOGLOBIN QUANTITATIVE,158
 CEA CARCINOEMBRYONIC,226
 CHLORIDE BLOOD,45
 CHOLESTEROL,47
 CORTISOL TOTAL,125
 CREATININE URINE 24 HR,35
 CPK TOTAL,59
 CREATININE BLOOD,41
 CREATININE URINE,61
 CREATININE CLEARANCE,109
 CREATININE C1 TIMED,216
 VITAMIN B12,126
 FERRITIN,85
 FETAL FIBRONECTIN,527
 FOLIC ACID,126
 ASSAY IGA IGD IGG IGM EA,78
 BLOOD GAS PH ONLY,88
 BLOOD GASES,278
 BLOOD GAS ANALYSIS,348
 GLUCOSE BODY FLUID,37
 GLUCOSE,47
 GLUCOSE TOLERANCE FASTING,47
 GLUCOSE TEST,47
 GLUCOSE 2 HOUR POST GLUCOLA,47
 GLUCOSE TOLERANCE 1-3 SPECIMEN,149
 GLUCOSE TOLERANCE EACH ADDITIONAL BEYOND 3 SPC,47
 GLUCOSE TEST SUPPLY,9
 GAMMA GLUTAMYLTRANSFERASE,59
 FSH GONADOTROPIN,205
 LH LEUTENIZING HORMONE,218
" HAPTOGLOBIN, QUANTITATIVE",116
 HEMOGLOBIN A1C,107
 METHEMOGLOBIN,48
 HOMOCYSTEINE,62
 INSULIN BLOOD,45
 IRON TOTAL,82
 IRON BINDING CAPACITY,82
 LACTIC ACID,98
 LACTATE DEHYDROGENASE,59
 LIPASE,54
 HDL CHOLESTEROL,47
" BLOOD LIPOPROTEIN, LDL CHOLESTEROL",61
 MAGNESIUM,59
 MAGNESIUM URINE TIMED,80
 MYOGLOBIN,84
 NATRIURETIC PEPTIDE,123
 NEPHLEOMETRY EA ANALYTE,72
 OLIGOCLONAL BANDS,178
 OSMOLALITY SERUM,83
 OSMOLALITY URINE,83
 OSTEOCALCIN,100
 PARATHYROID HORMONE INTACT,71
 ALKALINE PHOSPHATASE,59
 PHOSPHOROUS INORGANIC,47
 PHOSPHORUS URINE TIMED,58
" POTASSIUM, SERUM, PLASMA, OR WHOLE BLOOD",47
 POTASSIUM URINE 24 HOUR,38
 POTASSIUM RANDOM URINE,37
 POTASSIUM URINE BODY FLUID,80
 PREALBUMIN,26
 PROCALCITONIN (PCT),110
 PROLACTIN,273
 PROSTATE SPECIFIC ANTIGEN (PSA) TOTAL,107
 PSA FREE,63
" PROTEIN TOTAL, SERUM, PLASMA, WHOLE BLOOD",47
 PROTEIN TOTAL URINE,58
" PROTEIN, TOTAL BODY FLUID",37
 PROTEIN ELECTROPHORESIS SERUM,93
 PROTEIN ELECTROPHORESIS URINE CSF,142
 PYRUVATE,54
 SEX HORMONE BINDING GLOBULIN,66
" SODIUM, SERUM, PLASMA, OR WHOLE BLOOD",47
 SODIUM URINE,38
 TESTOSTERONE TOTAL,92
 THYROXIN TOTAL,59
 FREE THYROXINE,69
 THYROID STIM HORMONE,74
" TRANSFERASE, ASPARTATE AMINO (AST) (SGOT)",59
 TRANSFERASE ALANINE AMINO,59
 TRIGLYCERIDES,47
 TOTAL T3 (TRIIODOTHYRONINE),66
 FREE T3 (TRIIODOTHYRONINE),66
 TROPONIN QUANTITATIVE,136
 UREA NITROGEN,47
 UREA NITROGEN URINE,68
 UREA NITROGEN CLEARANCE,109
" URIC ACID, BLOOD",47
 URIC ACID,58
" GONADOTROPIN, CHORIONIC (G) QUANT",112
 POTASSIUM BODY FLUID,74
 BLOOD VISCOSITY EXAMINATION,79
 HIGH SENSITIVITY C-REACTIVE PROTEIN,73
 CA 27.29,55
 CA 15-3,50
 CA 19-9,54
 CA-125,101
 IMMUNOFIXATION ELECTROPHORESIS SERUM,160
" IMMUNOFIXATION ELECTROPHORSIS OTHER FLUIDS CONCENTRATION (URINE, CSF)",138
 HIV-1/HIV-2 1 RESULT ANTIBODY,58
 HEPATITIS B CORE ANTIBODY; TOTAL,48
 HEPATITIS B SURFACE ANTIBODY,39
 HEPATITIS A ANTIBODY,52
 HEPATITIS C ANTIBODY,96
 HEPATITIS B SURFACE ANTIGEN IA,37
" DIFFERENTIAL CELL COUNT, MISC BODY FLUID EXCEPT BLOOD",47
 PREGNANCY TEST URINE,74
" GONADOTROPIN, CHORIONIC (G) QUALT",74
 ANTI-NUCLEAR ANTIBODY,135
 ANTI-NUCLEAR ANTIBODY TITER,35
 ANTI-STREPTOLYSIN O TITER,26
 ANTI-STREPTOLYSIN O TITER,49
 C-REACTIVE PROTEIN,46
 COLD AGGLUTION TITER,70
 ANTIBODY CYCLIC CITRULLINATED PEPTIDE,50
" DNA ANTIBODY, NATIVE OR DOUBLE STRAND",158
 NEUTROPHIL SPECIFIC AB,55
 FLUORESCENT ANTIBODY TITER EACH,29
 ANTIMITROCHON TITER,41
 HTEROPHILE ANTIBODY SCREEN (MONO TEST),36
 MICROSOMAL ANTIBODIES EACH,40
 PARTICLE AGGLUTINATION ANTIBODY SCREEN EACH,59
 RHEUMATOID FACTOR TEST QUALITATIVE,30
 RHEUMATOID FACTOR QUANT,33
 TB INTRADERMAL TEST,43
" SYPHILIS TEST NON-TREPONEMAL ANTIBODY, QUALITATIVE",38
 HELICOBACTER PYLORI ANTIBODY,103
 HEPATITIS B CORE ANTIBODY IGM,45
 HEPATITIS A ANTIBODY IGM,43
" LEGIONELLA PNEUMOPHILA AB, S",21
 MYCOPLASMA RAPID IGM ASSAY,101
 THYROGLOBULIN ANTIBODY SCREEN,46
 RBC ANTIBODY SCREEN EACH SERUM TECHNIQUE,69
 RBC ANTIBODY ELUTION,61
 ANTIBODY IDENTIFICATION EACH,170
 ANTIHUMAN GLOBULIN TEST COOMBS-DIRECT EACH ANTISERUM,41
 BLOOD TYPING  SEROLOGIC ABO,54
 BLOOD TYPING RH D,54
 BLOOD TYPE ANTIGEN DONOR EACH,80
 BLOOD TYPE-RBC ANTIGENS NO ABO OR RHD,73
 COMPATIBILITY ANTIGLOBULIN EACH UNIT,203
 ELECTRONIC COMPATIBTY TST,148
 INFLUENZA B ANTIGEN IMMUNOFLUORESCENT,42
 INFLUENZA A ANTIGEN IMMUNOFLUORESCENT,42
 INFECTIOUS AGENT DETECTION BY EIA TOXIN,62
 GIARDIA ANTIGEN,68
 STREP ANTIGEN-GROUP A,72
 INFECTIOUS AGENT DETECTION BY EIA ANTIGEN,62
 HPV HIGH RISK TYPES,153
 STREPTOCOCCUS GROUP B AMPLIFIED PROBE TECHNIQUE DNA OR RNA,127
 RSV INFECTIOUS AGENT ANTIGEN DETECTION BY IA WITH DIRECT OPTICAL OBSERVATION,129
 TRICHOMONAS VAGINALIS ASSAY WITH DIRECT OPTICAL OBSERVATION,76
 AGENT WITH DIRECT OBSERVATION NOT OTHERWISE SPECIFIED,137
" COLORECTAL CANCER SCREENING, FECAL OCCULT BLOOD, IMMUNO, 1-3 SIMULTANEOUS",59
 OCCULT BLOOD OTHER SOURCES,26
" BLOOD FECAL, OCCULT, 1-3 SIMULTANEOUS DETERMINATIONS",59
 FECAL FAT,136
 PH STOOL,87
 DIFFERENTIAL WITH WBC MANUAL,47
 HEMATOCRIT,24
 HEMOGLOBIN,24
 COMPLETE BLOOD COUNT WITH AUTOMATED DIFFERENTIAL WBC,77
 COMPLETE BLOOD COUNT AUTOMATED,59
 AUTOMATED RETICULOCYTE COUNT,47
 AUTOMATED LEUKOCYTE (WHITE BLOOD CELL) COUNT,37
 AUTOMATED PLATELET COUNT,37
" FIBRIN DEGRADATION QUANT, D-DIMER",137
 FIBRINOGEN ACTIVITY,84
 BLOOD PLATELET AGGREGATION EACH AGENT COLLAGEN/ADP,115
 PROTHROMBIN TIME,33
 PROTHROMBIN TIME POCT,25.73
 RBC SEDIMENTATION RATE ERTHROCYTE NON-AUTOMATED,30
 RBC SEDIMENTATION RATE ERTHROCYTE AUTOMATED,30
" THROMBOPLASTIN TIME PARTIAL, PLASMA OR WHOLE BLOOD",49
 CELL COUNT MISC BODY FLUIDS EXCEPT BLOOD,71
" DIFFERENTIAL CELL COUNT, MISC BODY FLUID EXCEPT BLOOD",47
" DIFF CELL COUNT, MISC BODY FLUID NOT BLOOD",71
 CRYSTAL ID BY MICROSCOPY TISSUE OR BODY FLUID EXCEPT URINE,41
 NASAL SMEAR FOR EOSINPHILS,43
 CULTURE BLOOD,141
 CULTURE-STOOL,136
 STOOL AEROBIC CULTURE ADDITIONAL PATHOGENS EACH,31
" BACTERIAL CULTURE - OTHER NOT URINE, BLOOD OR STOOL, AEROBIC",117
 CULTURE SPINAL FLUID,117
" BACTERIAL CULTURE -  NOT BLOOD, ANAEROBIC",117
 CULTURE BIOPSY,166
" AEROBIC ISOLATE, FOR ID",61
 CULTURE PRESUMPTIVE PATHOGENIC ORGANISMS SCREEN,19
 CULTURE GC,49
 STREP SCREEN,79
 CULTURE AEROBIC QUANT OTHER,41
 CULTURE URINE,92
 CULTURE CATH URINE,92
 PRESUMPTIVE ID EACH ISOLATE,61
" CULTURE-FUNGUS SKIN, HAIR, OR NAIL",113
 CULTURE-FUNGUS ISOLATION NOT BLOOD,137
 CULTURE-FUNGUS BLOOD,113
 CULTURE TYPING IMMUNOFLUORESCENT METHOD EACH ANTI SERUM,41
 CULTURE TYPING IMMUNOLOGIC METHOD EACH ANTISERUM,39
 PINWORM EXAM,49
 OVA AND PARASITES SMEARS,36
" MICROBE SUSCEPTIBLE ANTIMICROBIAL AGENT, LACTAMASE PER ENZYME",36
" MICROBE SUSCEPTIBLE ANTIMICROBIAL AGENT, EACH MULTI-ANTIMICROBIAL, PER PLATE",70
" SMEAR PRIMARY SOURCE WITH INTERPRETATION, GRAM OR GIEMSA",47
 TISSUE EXAM BY KOH SLIDE,47
 VIRUS ISOLATION SHELL VIAL,68
 HPYLORI STOOL EIA,156
 ROTAVIRUS ANTIGEN,129
 SHIGA-LIKE TOXIN ANTIGEN IA,16
 CHLAMYDIA TRACHOMATIS DNA OR RNA AMPLIFIED PROBE,108
 INFECTIOUS AGENT DETECTION BY NUCLEIC ACID,148
 ENTEROVIRUS PROBE & REVERSE TRANSCRIPTION,176
 NEISSERIA GONORRHOEAE DNA OR RNA AMPLIFIED PROBE TECHNIQUE,108
 STAPHYLOCOCCUS AUREUS DNA OR RNA AMPLIFIED PROBE TECHNIQUES,146
" RSV DETECTION, POCT",38
" SEMEN ANALYSIS, SPERM PRESENCE AND MOTILITY OF SPERM, IF PERFORMED",72
 URINALYSIS AUTO W/SCOPE,69
 URINALYSIS,46
" URINALYSIS, PH",21
 URINALYSIS MICROSCOPIC,21
 MISCELLANEOUS SEND OUT,0
 AMIODARONE AND DESTHYLAMIODARONE,20
 LAMOTRIGINE,23
 DRUG TEST PRESUMPTIVE CHEMICAL ANALYSIS,50
 ANTI DEPRESSANT CLS 3 5,53
 TRICYCLIC & CYCLICALS,53
 SKELETAL MUSCLE RELAXANT,56
 DRUG SCREEN CLASS A 9 PNL,155
 COL CHROMOTOGRAPHY QUAL/QUAN,52
 TRANSGLUTAMINASE ANTIBODIES IGG,9
" MYASTHENIA GRAVIS EVALUATION, ADULT",78
 PARANEOPLASTIC AB RIA EA SER,47
" CALCIUM BIND AB, PQ TYPE",28
" PITUITARY TUMOR MARKER, ALPHA-SUBUNIT",35
" IMMUNOASSAY ANALYTE, OTHER THAN INFECTIOUS AGENT AB OR ANTIGEN, QUANTITATIVE NOS",118
 ANTI MULLERIAN HORMONE,95
 STRIATED MUSCLE ANTIBODY,47
" ALKALOIDS NOS, URINE",49
" ALKALOIDS NOS, SERUM",71
 AMYTRIP TRICYCLIC 1/2,27
 ANABOLIC STEROID 1 OR 2,68
 ANTIDEPRESSANT TRICYCLIC 3 5,125
 ASSAY OR DESIPRAMINE,11
 BARBITURATES CONF URINE,79
 BENZODIAZEPINES,43
 CANNABINOIDS NATURAL,103
 DOXEPIN TRICYCLIC 1/2,8
 DRUG SCREENING METHADONE,103
 DRUG SCREENING OXYCODONE,52
 DRUG SCREEN AMPHETAMINES 1/2,52
 DRUG SCREEN BUPRENORPHINE,72
" DRUG SCREENING COCAINE, URINE",66
" DRUG SCREENING COCAINE, MECONIUM",144
 DRUG SCREEN BARBITURATES,46
 IMIPRAMINE TRICYC 1/2,31
 METHYLENEDIOXYAMPHETAMINE,52
 NORTRIPTYLINE - DESIPRAMINE 1-2,31
 OPIATES 1 OR MORE,5
 OXYCODONE W METAB CONF,190
 DRUG SCREENING OXYCODONE,90
 DRUG SCREENING TRAMADOL,71
 PARANEOPLASTIC AB IFA EA SER,42
 INFECTIOUS AGENT (DNA OR RNA) NOT OTHERWISE SPECIFIED AMPLIFIED PROBE EACH VARICELLA ZOSTER,98
 INFECTIOUS AGENT (DNA OR RNA) NOT OTHERWISE SPECIFIED AMPLIFIED PROBE EACH MICROSPORIDIA,94
 CYTO/MOLECULAR REPORT,122
 ACUTE HEPATITIS PANEL,42
 AMIKACIN,10
 DRUG SCREEN QUANT CAFFEINE,46
 TOTAL CARBAMAZEPINE,12
 FREE CARBAMAZEPINE,21
 CYCLOSPORINE,7
 DRUG SCREEN QUANT (CLOZAPINE),25
 ETHOSUXIMIDE (ZARONTIN),66
 EVEROLIMUS,15
 HALOPERIDOL,59
 DRUG SCREEN QUAN LAMOTRIGINE,41
 LIDOCAINE,211
 DRUG SCREEN QUAN LEVETIRACETAM,26
 MYCOPHENOLIC ACID,12
 OXCARBAZEPINE (TRILEPTIL),48
 PHENOBARBITOL,31
 PHENYTOIN (DILANTIN) TOTAL,16
 PHENYTOIN (DILANTIN) FREE,14
 PRIMIDONE (MYSOLINE),8
 PROCAINAMIDE & NAPA,27
 QUINIDINE,42
 TACROLIMUS BLOOD,24
 TOPIRAMATE,15
 GABAPENTIN,19
 FLECAINIDE,43
 BENZENE,75
 METHOTREXATE,213
 QUANT DRUG ASSAY 1,92
 SERTRALINE (ZOLOFT),90
 FLUOXETINE (PROZAC),61
 MEXILETINE,113
" BUPRENORPHINE, URINE, QUALITATIVE SCREEN",21
 UMBILICAL CORD DRUG TESTING,152
" METHADONE METABOLITE (EDDP), URINE, QUAL SCR",7
 DRUG SCREEN QUANTALCOHOLS,220
 NICOTINE AND METABOLITES,35
" AMPHETAMINES, URINE, GC/MS CONFIRMATION",7
" MECONIUM CONFIRMATION, AMPHETAMINE",97
 DIHYDROTESTOSTERONE,41
 ANTIDEPRESSANTS SEROTONERGIC 3 URINE,47
" ANTIDEPRESSANTS TRICYCLIC OTHER CYCLICALS 6 OR MORE, URINE",47
" BARBITURATES, URINE CONF",12
" BENZODIAZEPINES, URINE GC/MS CONFIRMATION",6
" CANNABINOID, URINE, GC/MS CONFIRMATION",8
" MECONIUM CONFIRMATION, CARBOXY T",97
" COCAINE, CONF",8
" MECONIUM CONFIRMATION, COCAINE",97
 DRUG SCREEN FENTANYL,182
" FENTANYL, SERUM",97
" FENTANYL, URINE QUANTITATIVE",12
 DRUG SCREENING METHYLPHENIDATE,129
" MECONIUM CONFIRMATION, OPIATE",97
" DRUG SCREENING SKELETAL MUSCLE RELAXANTS 1 OR 2, URINE",50
" TRAMADOL LEVEL, URINE",40
" DRUG SCREEN BY GC/MS, URINE",30
" URINALYSIS, QUALITATIVE",84
 IDH1 AND IDH2 MUTATIONS,140
 IDH1 AND IDH2 MUTATIONS,100
 BRCA PANEL,2162
 BCR KINASE MUTATION ANALYSIS,294
 BCR/ABL1 GENE MAJOR BREAKPOINT,214
 BRAF V600E/V600K MUTATIONS,191
 HEREDITARY BREAST AND OVARIAN CANCER HIGH-MOD RISK PANEL,2025
 CEBPA MUTATION,244
 CALR MUTATION,144
 CFTR GENE COMVARIANTS,427
 EGFR GENE COM VARIANTS,144
 F2 GENE ANALYSIS 2021G>A,127
 F5 GENE LEIDEN VARIANT,120
 FMR1 FRAGILE X GENE DETECTION,299
 FMR1 GENE CHARACTERIZATION,216
 FLT3 MUTATION,109
 FLT3 MUTATION,74
 GBA GENE,286
 HFE (HEMOCHROMATOSIS) GENE ANALYSIS,137
 JAK2 (JANUS KINASE 2) GENE V617F,175
" KIT MUTATION FOR AML - EXONS 8, 17",244
 KIT D816V MUTATION,185
 KRAS,123
 KRAS MUTATION IN MALIGNANCY,88
 MTHFR GENE,95
 MICROSATELLITE INSTABILITY ANALYSIS OF MARKERS FOR MISMATCH,219
 NPM1 MUTATION,185
" PML/RARA T(15;17) TRANSLOCATION, QUALITATIVE",188
 TRB GENE REARRANGE AMPLIFY,283
 TRG GENE REARRANGEMENT ANAL,273
 MPL MUTATION,185
 MOPATH PROCEDURE LEVEL 3,185
 MOPATH PROC LEVEL 4,140
 FETAL CHROMOSOMAL ANEUPLO,999
 HEREDITARY BREAST AND OVARIAN CANCER COMPREHEN. NGS PANEL,2025
 LUNG CANCER NEXT-GENERATION SEQUENCING (NGS) PANEL,1390
 SOLID TUMOR NGS PANEL,1390
 MYD88 (L265P) MUTATION,152
" FETAL CONGENITAL ABNORMALITIES, TWO PROTEINS",190
 FETAL CONGENITAL ABNORMALITIES FOUR ANALYTES,66
 FETAL CONGENITAL ABNORMAL,180
 SEQUENTIAL MAT SCRN 2,232
 ADRENOCORTICOTROPIC HORMONE (ACTH),10
 ASP & AMP CYCLIC,117
 ALDOLASE,10
 ALDOSTERONE SERUM,11
 ALDOSTERONE URINE,88
 ALPHA-1 ANTITRYPSIN TOTAL,40
 ALPHA-1 ANTITRYPSIN,10
 ALPHA 1 ANTITRYPSIN PHENO,37
 ALPHA 1 ANTITRYPSIN PHENOTYPE,62
 ALPHA FETO PROTEIN SERUM,9
 ALPHA FETOPROTEIN SERUM,44
 ALUMINUM,49
" AMINO ACIDS, QUANT, 2-5,EACH SPECIMEN",140
" AMINO ACIDS, QUANT, 6+",284
 AMMONIA 24 URINE,26
 ANDROSTENEDIONE,8
 ANGIOTENSIN I-CO ENZYME (ACE),7
 ANGIOTENSIN CSF,82
 APOLIPOPROTEIN A-1,77
 APOLIPOPROTEIN B,46
 ARSENIC,14
 ASCORBIC ACID,30
 BETA-2-MICROGLOBULIN,11
 BETA-2 MICROGLOBULIN CSF,74
" BILE ACIDES, TOTAL",47
 CADMIUM,17
 CALCITONIN,14
 CALCIUM SEND OUT,11
 KIDNEY STONE ANALYSIS,17
 CEA CSF,111
 CARNITINE,58
 CAROTENE,49
" CATECHOLAMINE, URINE 24 HR",23
 CERULOPLASMIN,7
 CHEMILUMINESCENT ASSAY,75
 PARATHYROID RELATED HORMONE PTH,29
 CHLORIDE URINE,18
 CHLORIDE 24 HR URINE,60
 CHOLESTEROL,9
 CHROMIUM,25
 CITRATE,68
" CITRATE, URINE",21
 COLLAGEN CROSS LINKS,26
 BETA CROSS LAPS,26
 COPPER,8
 COPPER URINE,67
" CORTISOL, FREE (URINE)",49
" CORTISOL, SALIVA",40
 COL CHROMOTOGRAPHY QUAL/Q 18 HYDROXYCORTICOSTERONE,203
 COL CHROMOTOGRAPHY QUAL/Q TRIMETHADIONE,69
 COL CHROMOTOGRAPHY QUAL/Q A1AT PROTEOTYPE,71
 COL CHROMOTOGRAPHY QUAL/Q ZONISAMIDE,38
 COL CHROMOTOGRAPHY QUAL/Q PROTRIPTYLINE,63
 COL CHROMOTOGRAPHY QUAL/Q ENCAINDE,66
 COL CHROMOTOGRAPHY QUAL/Q MS,104
 NTM COMPONENT 5HIAA,67
 CPK TOTAL,35
 CPK ISOENZYME,21
 CREATININE URINE,11
 CRYOFIBRINOGEN,26
 CRYOGLOBULIN,14
 CYANIDE BLOOD,113
 DHEA,13
 DHEA-S,10
 VITAMIN D 1 25 DIHYDROXY,16
 TRIMETHADIONE (TRIDIONE),49
" ELASTASE, STOOL",55
 ENZYME CELL ACTIVITY,143
 ARYLSULFATASE A LEUKOCYTE,123
 ERYTHROPOIETIN,18
" ESTROGENS, FRACTIONATED",27
" ESTRADIOL, BLOOD",57
" ESTROGENS, FRACTIONATED",27
 ESTRIOL UNCONJUGATED,19
 ESTRONE,20
 VERY LONG CHAIN FATTY ACID,88
" GALECTIN-3 LEVEL, SERUM",104
 ASSAY IGA IGD IGG IGM EA,10
 IGG,18
 CELIAC DISEASE ALGORITHM,7
 IGE IMMUNOGLOBULINS,13
 IMMUNOGLOBULINS E TOTAL,11
 IGG SUBCLASSES 1 2 3 OR 4 EACH,31
 GASTRIN SERUM,13
 GLUCAGON,42
 G 6 PD,58
 FRUCTOSAMINE PROT BD GLU,9
 GROWTH HORMONE,10
 H PYLORI BREATH TEST,103
" HEAVY METAL, QUAN",132
" HEAVY METAL, QUAN",40
 HEMOGLOBIN ELECTROPHORESIS,31
 HEMOGLOBIN CHROMOTOGRAPHY,10
 HEMOGLOBIN PLASMA,6
 HOMOVANILLIC ACID HVA,67
 SEROTININ URINE (5 HIAA),67
 HYDROXYPROGESTERONE 17-D,14
 GLIADIN ANTIBODIES,9
" PROTEINASE 3, AB",13
 MITOCHONDRIAL ANTIBODIES,39
 PARIETAL CELL ANTIBODIES,54
 TRANSGLUTAMINASE ANTIBODIES,9
 HISTONE,20
 MYELOPEROXIDASE AB,12
 RIBOSOMAL PROTEIN ANTIBODY,73
 ACETYLCHOLINE RECEPTOR AB,53
 THYROTROPIN RECEPTOR AB,26
 ADRENAL TOTAL AUTO AB,116
 ACH RECEPTOR BINDING AB,83
" CALCIUM BINDING AB,N TYPE",28
 GROWTH HORMONE (RELEASING,291
 THYROTROPIN RELASING HORM,237
 MUSK RIA NONANTIBODY,550
 RIA NONANTIBODY-VGKC,100
 INHIBIN B-INHAB,80
 TRYPTASE,45
 C1 ESTERASE AG,49
 ASCA IGG,53
 CENTROMERE AUTOAB,82
 IGF BINDING PROTEIN 3,20
 INTERLUKIN 6,207
 IMMUNOASSAY QNT NOS NONAB,520
 ANTI STRIATED MUSCLE ANTI,107
 ANTI GLOM BSMNT MEMBRANE,29
 INSULIN BLOOD,19
 LEAD,9
" LEAD, OCCUPATIONAL EXPOSURE",22
 LIPOPROTEIN (A),13
 LIPOPROTEIN,23
 ASSAY LIPOPROTEIN PLA2,164
 HDL LIPOPROTEIN,15
 MAGNESIUM RBC,48
 MAGNESIUM URINE,11
 MANGANESE,58
 MASS SPECTROMETRY QUAL/QUAN,55
 MERCURY,12
" METANEPHRINES, PLASMA",29
 METANEPHRINE 24 HR URINE,20
 CELONTIN (METHSUXIMIDE),40
 MYELIN BASIC PROT CSF,95
 NEPHELOMETRY EACH ANALYTE,17
" ORGANIC ACID, URINE",79
 METHYLMALONIC ACID,25
 METHYLMALONIC ACID URINE,84
 OSMOLALITY SEND OUT URINE,18
 OXALATE,68
 URINE OXALATE,12
 PH SEND OUT URINE,11
 PHENCYCLIDINE (PCP),156
" MECONIUM CONFIRMATION, PHENCYCLIDINE",97
 CALPROTECTIN,207
" PHENYLALANINE (PKU), BLOOD",155
 PROSTATIC ACID PHOSPHATASE,49
 ALKALINE PHOSPHATASE SEND OUT,30
 ALKALINE PHOSPHATASES ISOENZYMES,24
 ALKALINE PHOSPHATASES FRACTIONATION,30
 PHOSPHORUS URINE,11
 PORPHOBILINOGEN URINE QUANT PBGU,56
 PORPHOBILINOGEN URINE QUANT PQNU,23
" URINE PORPHYRINS, URINE QUANT & FRACT",39
 POTASSIUM URINE,11
 PRE ALBUMIN,44
 PREGNENOLONE,68
 17 HYDROXYPREGNENELONE,131
 PROGESTERONE,8
" PROTEIN TOTAL, SERUM, PLASMA, WHOLE BLOOD",5
 PAPPA SERUM,103
 SEQUENTIAL MAT SCRN 1,155
 MATERNAL INTEGRATED SCREENING FIRST TRIMESTER,52
 PROTEIN ELECTROPHORESIS SERUM,30
 MYELIN ASSOCIATED GLYCOPROTEIN (MAG) ANTIBODY,140
 CRMP-5-IGG WESTERN BLOT,125
 PARANEOPLASTIC AUTO AB,142
 AMPHIPHYSIN WESTERN BLOT,260
 PROTOPORPHYRIN RBC QUANTITATIVE,26
 PROINSULIN,30
 PYRIDOXAL PHOSPHATE (VITAMIN B6),30
" ASSAY, NONENDOCRINE RECEPTOR",61
 RENIN,12
 RIBOFLAVIN-VITB2,35
 SELENIUM,25
 SEROTONIN,30
 SEROTININ URINE (5 HIAA),17
 SEX HORMONE BINDING GLOBULIN,22
 SODIUM URINE,11
 SOMATOMEDIN,18
 SOMATOSTATIN,270
" SPECTROPHOTOMETRY, ANALYTE",151
" SULPHATE, URINE",18
" TESTOSTERONE, FREE",29
 VITAMIN B1 (THIAMINE),29
 THYROGLOBULIN,15
 THYROXIN TOTAL,39
 FREE THYROXINE,56
 TBG THYROID BINDING GLOBN,30
 THYROID STIM HORMONE,60
 THYROID STIMULATING IMMUNOGLOBIN,48
 VITAMIN E,20
 TRANSFERRIN,10
 TRIGLYCERIDES,9
 THYROID HORMONE (T3 OR T4) OR THYROID HORMONE BINDING RATIO,41
 T3 REVERSE,13
 UREA NITROGEN URINE,8
 URIC ACID,11
" VANILLYLMANDELIC ACID (VMA), URINE",16
 VASOACTIVE INTESTINAL POLYPEPTID,50
 VASOPRESSIN ANTIDIURETIC HORMONE,43
 VITAMIN A,20
 VITAMIN NOT OTHER SPECIFIED,85
 VITAMIN K,105
 ASSAY OF VOLATILES,96
 ZINC,8
 CONNECTING PEPTIDE,21
" GONADOTROPIN, CHORIONIC (G) QUANT",8
 TESTOSTERONE BIOAVAILABLE,31
 ANTI XA CHROMOGENIC SUBSTARATE,46
 CLOT FACTOR II PROTHROMBIN SPECIFIC,96
 BLOOD CLOT FACTOR V TEST,21
 BLOOD CLOT FACTOR VII PROCONVERTIN,96
 CLOT FACTOR VIII AHG 1 STAGE,79
 COAG FCTR VIII ASSAY,37
 CLOT FACTOR VIII VW RISTOCTIN COFACTOR,32
 VON WILLEBRAND FCT AG,23
 VON WILLEBRAND FCTR ACT,121
 CLOT FACTOR VIII VW MULTIMETRIC,29
 CLOT FACTOR IX PTC/CHRISTMAS,27
 CLOT FACTOR X STUART-PROWER,85
 CLOT FACTOR XI PTA,103
 CLOT FACTOR XI HAGEMAN,105
 CLOT FACTOR XIII SCRN,111
 ANTITHROMBIN III ACTIVITY,13
" CLOT INHIBITORS, PROTEIN C ANTIGEN",20
" CLOT INHIBITORS, PROTEIN C ACTIVITY",12
" CLOT INHIBITORS, PROTEIN S TOTAL",47
" CLOT INHIBITORS, PROTEIN S FREE",17
 PROTEIN S AG,60
 ACTIVATED PROTEIN C RESISTANCE,84
 FACTOR INHIBITOR TEST,309
 FACTOR INHIB BETHESDA UNIT,180
" FIBRINOGEN TEST, PARACOAGULATION",132
" FIBRIN DEGRADATION QUANT, D-DIMER",39
" FIBRINOLYSINS SCREEN, INTERPRETATION AND REPORT",37
 FIBRINOLYSINS SCREEN,1040
 HEPARIN ASSAY,101
 MURAMIDASE,20
 NEUTRALIZATION PHOSPHOLIPID PLATELET,75
 HEXAGONAL PHOSPHOLIPID PLATELET NEUTRALIZATION,43
 PROTHROMBIN TIME,23
 PROTHROMBIN TIME SUBSTITUTION PLASMA FRACTIONS EACH,5
 DILUTED RUSSELL VIPER VENOM TIME,26
 RUSSELL VIPER VENOM TIME DILUTED-DRVTC,95
 RUSSELL VIPER VENOM TIME DILUTED-DRVTM,98
 REPTILASE TIME,11
 RBC SICKLE CELL TEST,73
 THROMBIN TIME PLASMA,5
" THROMBOPLASTIN TIME PARTIAL, PLASMA OR WHOLE BLOOD",8
" THROMBOPLASTIN TIME PARTIAL, SUBSTITUTION PLASMA FRACTIONS EACH",69
 ALLERGEN SPECIFIC IGG QUAN OR SEMI-QUAN EACH,19
 ALLERGEN SPECIFIC IGE QUANT/SEMIQUANT EACH,13
 ALLERGEN IGE AB,9
 ALLERGEN SPEC IGE,5
 ALLERG SPEC IGE RECOMB EA,51
 ALLERGEN EGG WHITE IGE,21
 ALLERGEN SESAME SEED IGE,15
 ALLERGEN SPEC IGE RECOMB EA,88
 PLATELET ANTIBODIES,69
 SEROTONIN RELEASING ASSAY,332
 ANTINUCLEAR ANTY IFA HEP 2 SUBSTRATE,7
 ANTINUCLEAR ANTIBODIES ANA TITER,8
 HIGH SENSITIVITY C-REACTIVE PROTEIN,23
 BETA 2 GLYCOPROTEIN,10
 CARDIOLIPIN ANTIBODY EACH IG,14
 C1 ESTERASE INHIBITOR ANTIGEN,23
 COMPLEMENT ANTIGEN EACH C3,9
 COMPLEMENT ANTIGEN EACH C4,7
 COMPLEMENT TOTAL HEMOLYTIC CH 50,9
 ANTIBODY CYCLIC CITRULLINATED PEPTIDE,49
" EXTRACTABLE NUCLEAR ANTIGEN, ANTIBODY EACH",36
" EXTRACTABLE NUCLEAR ANTIGEN, AB EACH",9
" ENA, ANTI-SM, SMRNP, RNP",10
 EXTRACTABLE NUCLEAR AG AB ANY METHOD (ENA7),6
" ENA, ANTI SSA AND ANTI SSB",15
 CYTOPLASMIC NEUTROPHIL AT,30
 SMOOTH MUSCLE ANTIBODIES,42
 RETICULIN IGA AB,20
 NMDA R FLUORESCENT ANTIBODY SCREEN,350
 ENDOMYSIAL AB (IIGA),7
" FLUORESCENT ANTIBODY SCREEN (LG1CS, CS2CS)",250
" FLUORESCENT ANTIBODY SCREEN (AMPCS, GABCS)",450
 NMO/AQP4 FLUORESCENT ANTIBODY SCREEN,189
 FLUORESCENT ANTIBODY TITER EACH,11
" FLUORESCENT ANTIBODY TITER (NCABT, EMAT)",34
" FLUORESCENT ANTIBODY TITER (NMDIS, AMPIS, GABIS)",40
 FLUORESCENT ANTIBODY TITER (NMOTS),75
 CA 27.29,17
 CA 19-9,43
 CA-125,295
 CA 125 AG QUANTITATIVE,193
 HUMAN EPIDIDYMIS PROTEIN 4,42
 HUMAN EPIDIDYMIS PROTEIN 4 (HE4),193
" IMMUNOASSAY TUMOR OTHER EACH, CGAK CHROMOGRANIN A",20
" IMMUNOASSAY INFECTIOUS AGENT, QUANT",55
 TETANUS IA INFECT AGNT,60
 DIPHTHERIA IA INFECT AGNT,35
 IMMUNOFIXATION ELECTROPHORESIS SERUM,42
 INHIBIN A,59
 INHIBIN A TUMOR MRKR-INHB,77
 INSULIN ANTIBODIES,39
 INTRINSIC FACTOR ANTIBODIES,23
 ISLET CELL ANTIBODY,43
" B-CELLS, TOTAL COUNT",45
 NATURAL KILLER CELLS TOTAL COUNT,45
 T CELLS TOTAL COUNT,45
 T CELLS ABSOLUTE CD4 CD8 INCLUDING RATIO,45
 MICROSOMAL ANTIBODIES EACH,12
 LIVER KIDNEY MICROSOME AB,50
 NEUTRALIZATION TEST VIRAL,77
" TB TEST, QUANTIFERON",53
" SYPHILIS TEST NON-TREPONEMAL ANTIBODY, QUALITATIVE VDRL CSF",10
" SYPHILIS TEST NON-TREPONEMAL ANTIBODY, QUALITATIVE VDRL CSF CONFIRM",0
 SYPHILLIS TEST,40
 ASPERGILLUS ANTIBODY,30
 HYPERSEN PNEUMONITIS IGG,48
 BARTONELLA ANTIBODY PANEL,40
 BARTONELLA ANTIBODY,19
 BLASTOMYCES ANTIBODY,48
 LYME DISEASE ANTIBODY CONFIRMATORY TEST,20
 LYME DISEASE ANTIBODIES,9
 BRUCELLA ANTIBODY,30
 CAMPYLOBACTOR ANTIBODY,116
 CANDIDA ANTIBODY,38
 CHLAMYDIA ANTIBODY,40
 CHLAMYDIA IGM ANTIBODY,26
 COCCIDIOIDES ANTIBODY,139
 COCCIDIOIDES AB EACH,15
 CYTOMEGALOVIRUS ANTIBODY,8
 CYTOMEGALOVIRUS IGM ANTIBODY,6
 CMV IGM-TRCHM,67
 ENCEPHALTIS CALIFORNIA ANTIBODY,27
 ENCEPHALTIS EASTERN EQUINE ANTIBODY,27
 ENCEPHALTIS ST LOUIS ANTIBODY,27
 ENCEPHALTIS WESTERN EQUINE ANTIBODY,27
 ENTEROVIRUS,18
 ANTIBODY EPSTEIN-BARR EARLY ANTIGEN,9
 ANTIBODY EPSTEIN BARR NUCLEAR ANTIGEN,9
 ANTIBODY EPSTEIN BARR VIRUS VIRAL CAPSID,9
 ANTIBODY FUNGUS NOT ELSEWHERE SPECIFIED,48
 HTLV/HIV CONFIRM ANTIBODY,131
 AB: HTLV OR HIVWB,92
 HERPES SIMPLEX NON-SPECIFIC,66
" HERPES SIMPLEX NON-SPECIFIC, IGM-TRCHM",60
" HERPES SIMPLEX NON-SPECIFIC, IGM ANTIBODY",28
 HSV ANTIBODY IGM BY IFA,18
 HERPES SIMPLEX TYPE 1,9
 HERPES SIMPLEX TYPE 2,9
 HISTOPLASMA ANTIBODY,10
 HISTOPLASMA IMMUNODIFF,53
 HIV-1 ANTIBODY,32
 HIV-2 ANTIBODY,48
 HEPATITIS B CORE ANTIBODY IGM,12
 HEPATITIS BE ANTIBODY,6
 HEPATITIS A ANTIBODY IGM,14
 LEPTOSPIROSIS ANTIBODY,102
 MUMPS ANTIBODY,11
 MUMPS MMRV,25
 MYCOPLASMA ANTIBODY,20
 PARVOVIRUS,23
 PROTOZOA ANTIBODY NOT ELSEWHERE SPECIFIED,63
 RICKETTSIA ANTIBODY,50
 RUBELLA ANTIBODY,8
 RUBELLA MMRV,19
 RUBEOLA ANTIBODY,11
 RUBEOLA MMRV,21
 SALMONELLA ANTIBODY,37
 TETANUS ANTIBODY,59
 TOXOPLASMA ANTIBODY,8
 TOXOPLASMA IGM ANTIBODY,48
 TOXOPLASMA IGM-TRCHM,59
 TRICHINELLA ANTIBODY,75
 VARICELLA ZOSTER ANTIBODY,47
 VARICELLA ZOSTER IGM,29
 VARICELLA ZOSTER MMRV,24
 VARICELLA ZOSTER IGG-VZGM,28
" WEST NILE VIRUS ANTIBODY, IGM",46
 WEST NILE VIRUS ANTIBODY,46
 HHV-6 HUMAN HERPESVIRUS 6 ANT IGG IGM,50
 THYROGLOBULIN ANTIBODY SCREEN,17
 THYROGLOBULIN AB,17
 HEPATITIS C ANTIBODY,26
" HLA TYPING A, B, OR C SINGLE ANTIGEN",44
 CONCENTRATION FOR INFECTIOUS AGENTS,57
 TRICHOMONAS CULTURE,6
 CULTURE TUBERCLE OR OTHER ACID FAST BACILLLI W ISOLATION AND PRESUMPTIVE ID,46
 MYCOBACTERIA CULTURE,30
 OVA AND PARASITES SMEARS,12
 SMEAR FLUORESCENT AND/OR ACID FAST STAIN,17
 SMEAR SPECIAL STAIN FOR INCLUSION BODIES OR PARASITES,39
 SMEAR COMPLEX STAIN FOR OVA AND PARASITES,16
 VIRUS INOCULATION TISSUE,35
 HSV CULTURE FROM NEONATES,40
 HEPATITIS B SURFACE ANTIGEN IA,26
 HEPATITIS B SURFACE AG NEUTRALIZATION,91
 HEPATITIS BE ANTIGEN,11
 HISTOPLASMA CAPSULATUM ANTIGEN IA,95
" NORWALK-LIKE VIRUS, STOOL",157
 FUNGITELL,110
 BLASTOMYCES ANTIGEN (MVISTA),119
 LYME DISEASE DNA OR RNA,118
 LYME DIS DNA AMP PROBE,54
 CHLAMYDIA TRACHOMATIS DNA OR RNA AMPLIFIED PROBE,25
 CYTOMEGALOVIRUS DNA OR RNA AMPLIFIED PROBE TECHNIQUE,98
 CYTOMEGALOVIRUS DNA OR RNA QUANTIFICATION,54
 HEPATITIS B DAN OR RNA QUANTIFICATION,81
 HEPATITIS C DNA OR RNA REVERSE TRANSCRIPTION WHEN PERFORMED QUANT,98
" HSV DNA BY PCR, RESPIRATORY",45
" HSV DNA BY PCR, QUALITATIVE, CSF",126
" HSV DNA BY PCR, QUALITATIVE, SWAB",24
" HSV 1 AND 2 QPCR, PLASMA",110
 HIV 1 DNA OR RNA QUANT,101
 MYCOBACTERIA TUBERCULOSIS AMPLIFIED PROBE TECHNIQUE DNA OR RNA,182
 NEISSERIA GONORRHOEAE DNA OR RNA AMPLIFIED PROBE TECHNIQUE,25
 TRICHOMONAS VAGINALIS,25
 TRICHOMONAS VAGINALIS RNA,16
 MYCOPLASMA GENITALIUM RNA,25
 INFECTIOUS AGENT (DNA OR RNA) NOT OTHERWISE SPECIFIED AMPLIFIED PROBE EACH,108
 DETECT EPSTEIN BARR,30
 DETECT AGENT NOS DNA AMP,49
 INFECTIOUS AGENT,110
" BK VIRUS DNA BY PCR, QUANTITATIVE, CSF OR TISSUE",110
" EPSTEIN BARR VIRUS DNA, QUANTITATIVE, PLASMA",76
" EPSTEIN-BARR VIRUS PCR, QN, BLOOD",85
" BORDATELLA PERTUSSIS/PARAPERTUSSIS DNA BY PCR, QUALITATIVE",100
 LEGIONELLA PNEUMOPHILA ANTIGEN,52
 GENOTYPE ANALYSIS DNA OR RNA HEP C VIRUS,139
 UROVYSION BLADDER,272
 FLOW CYTOMETRY TECH COMP 1ST MARKER,45
  FLOW CYTO FIRST,152
 FLOCYTOMETRY TECH COMP ONLY EACH ADDTL MARKER,32
 FLOW CYTO EA ADDTIL,9
" FLOW CYTOMETRY, INTERPRETATION 2 TO 8 MARKERS",52
 FLOW CYTO INTERP 2-8,0
" FLOW CYTOMETRY, INTERPRETATION 9 TO 15 MARKERS",136
" FLOW CYTOMETRY, INTERPRETATION 16 OR MORE MARKERS",165
 TISSUE CULTURE FROM BIOPSY,300
" TISSUE CULTURE BONE MARROW, BLOOD CELLS",130
 CHROMOSOME ANALYSIS 15 -20,222
 CHROMOSOME ANALYSIS TISSUE 15 -20,320
" MOLECULAR CYTOGENETICS DNA PROBE, EACH",70
 MCG DNA PROBE EA-FLCA,473
 CYTOGENETIC DNA PROBE,190
 MOLECULAR CYTOGENETICS 25-99 CELLS,301
 MOLECULAR CYTOGENETICS 100-300 CELLS,108
 CHROMO CONGENITAL BLOOD,167
 CHROMO HEMATOLOGIC BLOOD,334
 CHROMO HEMATOLOGICAL BM,259
" BCR/ABL1, FISH",261
 HER2 AMPLIFICATION FISH T,426
 MDS FISH,248
 CLL FISH,249
 B-CELL LYMPHOMA FISH BLD,263
 LUNG CA ALK 2P23 FISH TS,417
 PLASMA CELL PROLIF FISH,299
 IMMUNOHISTOCHEMISTRY EACH ADDITIONAL ANTIBODY STAIN,123
 IMMUNOHISTOCHEMISTRY INITIAL ANTIBODY STAIN,123
" PD-L1, I",77
 ROS1 (6Q22) REARRANGEMENT BY FISH,264
 ALK REARRANGEMENT FOR NSCLC BY FISH,400
" MORPHOMETRIC ANALYSIS, ISH QUANT, MANUAL, PER SPECIMEN",174
 HER2 BY FISH,250
" LYME DISEASE WESTERN BLOT, HANDLING FEE",10
" ELECTRON MICROSCOPY, DIAGNOSTIC",1000
 TUMOR IMMUNOHISTOCHEM/MAN,305
 SPUTUM AEROSOL INDUCED,160
" PAP SMR,TECH COMP,TP-SCRN",107
" PAP IMAGE SCREEN, RESCREEN",147
 CYTOPATH FLUIDS NON GYN SMEARS WITH INTERPRETATION,50
 CYTOPATH CONCENTRATION TECHNIQUE,140
 CYTOPATH CELLULAR ENHANCEMENT TECHNIQUE WITH INTERPRETATION NON GYN,140
 SEX CHROMATIN IDENTIFICATION BARR BODIES,38
 CYTOPATH CERVICAL OR VAGINAL REQUIRING INTERPRETATION BY PHYSICIAN,32
 CYTOPATH CERVICAL OR VAGINAL WITH MANUAL SCREENING AND RESCREENING UNDER PHYSICIAN SUPERVISION,127
 CYTOPATH SMEAR ANY OTHER SOURCE,41
 CYTOPATH SMEAR WITH OTHER SOURCE,78
 CYTOPATH SMEAR EXTENDED STUDY OVER 5 SLIDES AND OR MULTIPLE STAINS,96
 CYTOPATH (THE BETHESDA SYSTEM) WITH MANUAL SCREENING AND RESCREENING UNDER PHYSICIAN SUPERVISION,52
" CYTOPATHOLOGY EVAL FINE NEEDLE, IMMEDIATE STUDY ADEQUACY FOR DX, FIRST EVAL EPISODE, EACH SITE",48
 CYTOPATH EVAL FINE NEEDLE ASPIRATE INTERP AND REPORT,180
" CYTOPATH FLUID, AUTOMATED, SCREENING AUTO & MANUAL RESCREEN/REVIEW, UNDER PHYSICIAN SUPERVISION",147
 UNLISTED CYTOPATH PROC,0
" CONSULTATION DURING SURGERY CYTOLOGIC EXAM, INITIAL SITE",78
" CONSULTATION DURING SURGERY CYTOLOGIC EXAM, EACH ADDL SITE",78
 LAB PATHOLOGY CONSULTATION COMPLEX,25
 BONE MARROW INTERPRETATION,115
 CLOTEST (H PYLORI),54
 LEVEL I SURG PATHOLOGY GROSS EXAM ONLY,46
 LEVEL II SURG PATHOLOGY GROSS AND MICROSCOPIC,126
 LEVEL III SURG PATHOLOGY GROSS AND MICROSCOPIC,136
 LEVEL IV SURG PATHOLOGY GROSS AND MICROSCOPIC,167
 BONE MARROW NEEDLE BIOSPY,167
 LEVEL V SURG PATHOLOGY GROSS AND MICROSCOPIC,234
 LEVEL VI SURG PATHOLOGY GROSS AND MICROSCOPIC,316
 DECALCIFIED TISSUE,33
 SPECIAL STAINS GROUP I,153
" SPECIAL STAINS, GROUP II",133
 ENZYME HISTOCHEMISTRY,68
 CONSULT AND REPORT REFERRED SLIDES,71
 CONSULTATION AND COMPREHENSIVE REVEW,735
" CONSULTATION DURING SURG, 1ST TISSUE SECTION WITH FROZEN SECTION",63
" CONSULTATION DURING SURG, FROZEN SECTION EACH ADDTL TISSUE BLOCK",37
 IMMUNOHISTOCHEMISTRY EACH ADDITIONAL ANTIBODY STAIN,127
 IMMUNOHISTOCHEMISTRY INITIAL ANTIBODY STAIN,127
 IMMUNOHISTO MULTIPLEX STAIN,300
" MORPHOMETRIC ANALYSIS QUANT PER SPECIMEN EACH STAIN, MANUAL",71
 PD L1 TUMOR IMMUNO CHEM,0
" MORPHOMETRIC ANALYSIS QUANT PER SPECIMEN EACH STAIN, COMPUTER",321
" MORPHOMETRIC ANALYSIS, ISH QUANT, MANUAL PER SPECIMEN, EACH MULTIPLEX STAIN",700
 MICRODISSECTION MANUAL,77
 MOLECULAR CYTOGENETICS 100-300 CELLS,30
 MICRODISSECTION MANUAL,51
 X-RAY EYE FOR FOREIGN BODY,219
 X-RAY MANDIBLE LESS THAN 4 VIEWS,235
 X-RAY MANDIBLE 4 OR MORE VIEWS,270
 X-RAY MASTOIDS COMPLETE,369
 X-RAY FACIAL BONES 1 OR 2 VIEWS,238
" X-RAY FACIAL BONES, 3 OR MORE VIEWS",270
" X-RAY NASAL BONES, 3 OR MORE VIEWS",179
" X-RAY ORBITS, 4 OR MORE VIEWS",298
" X-RAY SINUSES, LESS THAN 3 VIEWS",238
" X-RAY SINUSES, MORE THAN 3 VIEWS",343
" X-RAY SKULL, LESS THAN 4 VIEWS",258
" X-RAY SKULL, 4 OR MORE VIEWS",354
 X-RAY NECK SOFT TISSUE,191
 DYNAMIC SPEECH EVALUATION WITH VIDEO,391
 X-RAY RIBS UNILATERAL 2 VIEWS,235
" X-RAY RIBS UNILATERAL, MINIMUM 3 VIEWS",250
" X-RAY RIBS BILATERAL, 3 VIEWS",309
" X-RAY RIBS/CHEST BILATERAL, 4 VIEWS",369
" X-RAY STERNOCLAVICULAR JOINTS, 3 OR MORE VIEWS",179
" X-RAY SPINE, SINGLE VIEW",147
" X-RAY SPINE, CERVICAL, 2 OR 3 VIEWS",270
" X-RAY SPINE, CERVICAL, 4 OR 5 VIEWS (COMPLETE)",298
" X-RAY SPINE, CERVICAL, WITH FLEX/EXTEND",325
" X-RAY SPINE, THORACIC, 2 VIEWS",212
" X-RAY SPINE THORACIC, 3 VIEWS",270
" X-RAY SPINE, SCOLIOSIS SURVEY",234
 SPINE ENTIRE,627
" X-RAY SPINE, LUMBOSACRAL, 2 OR 3 VIEWS",270
" X-RAY SPINE, LUMBOSACRAL, 4 VIEWS",365
" X-RAY SPINE, LUMBAR, COMPLETE IN BENDING VIEW",423
" X-RAY SPINE, LUMBOSACRAL, BENDING VIEW ONLY",145
" X-RAY PELVIS, 1 OR 2 VIEWS",170
" X-RAY PELVIS, 3 VIEWS",276
" X-RAY SACROILIAC JOINTS, 3 OR MORE VIEWS",178
" X-RAY SACRUM/COCCYX, 2 VIEWS",208
 X-RAY CLAVICLE,157
 X-RAY SCAPULA,188
 X-RAY SHOULDER 1 VIEW,160
" X-RAY SHOULDER, MINIMUM 2 VIEWS",249
 X-RAY AC JOINTS BILATERAL,197
 X-RAY HUMERUS 2 VIEWS,188
 X-RAY ELBOW 2 VIEWS,170
" X-RAY ELBOW, MINIMUM 3 VIEWS",197
 X-RAY FOREARM 2 VIEWS,197
" X-RAY UPPER EXTREMITY, INFANT, MINIMUM 2 VIEWS",170
 X-RAY WRIST 2 VIEWS,170
" X-RAY WRIST, MINIMUM 3 VIEWS",210
" X-RAY HAND, 2 VIEWS",170
" X-RAY HAND, MINIMUM 3 VIEWS",197
" X-RAY FINGERS, MINIMUM 2 VIEWS",157
 HIP 1 VIEW,311
" X-RAY HIP, 2 VIEWS",315
 X-RAY HIPS BILATERAL WITH PELVIS,315
" X-RAY FEMUR, SINGLE VIEW",160
" X-RAY FEMUR, 2 VIEWS",266
" X-RAY KNEE, 2 VIEWS",179
" X-RAY KNEE, 3 VIEWS",250
" X-RAY KNEES, 4 OR MORE VIEWS",276
" X-RAY KNEE, BILATERAL, STANDING, AP VIEW",178
 X-RAY TIBIA/FIBULA 2 VIEWS,208
" X-RAY LOWER EXTREMITY, INFANT 2 VIEWS",157
" X-RAY ANKLE, 2 VIEWS",179
" X-RAY ANKLE, MINIMUM 3 VIEWS",213
" X-RAY FOOT, 2 VIEWS",179
" X-RAY FOOT, MINIMUM 3 VIEWS",233
" OS CALCIS, MINIMUM 2 VIEWS",197
" X-RAY TOES, 2 VIEWS",157
 X-RAY ABDOMEN SINGLE VIEW,188
 X-RAY ABDOMEN 2 VIEWS,191
 ABDOMEN ACUTE SERIES,384
 ESOPHAGUS,433
" UPPER GI, NO AIR",615
" UPPER GI, NO AIR, WITH SMALL BOWEL",818
 UPPER GI WITH AIR CONTRAST,692
 UPPER GI WITH AIR AND SMALL BOWEL,970
 SMALL BOWEL,369
 SMALL BOWEL VIA E TUBE,349
 BARIUM ENEMA WITHOUT AIR,568
 BARIUM ENEMA WITH AIR,721
 COLON BARIUM ENEMA,677
 IV PYELOGRAM,745
 NEPHROTOMOGRAPHY,1009
" CYSTOGRAM, MINIMUM 3 VIEWS",375
 VOIDING CYSTOURETHROGRAM,375
 VENOGRAM EXTREMITY UNILATERAL,1279
 FLUOROSCOPY UP TO 1 HOUR,299
 FOREIGN BODY CHILD,188
 BREAST SPECIMEN,107
 3D RENDERING WITH INTERPRETATION,480
" 3D RENDERING WITH INTERPRETATION, INDEPENDENT WORKSTATION",873
 FLUOROSCOPIC SKULL,160
 PORTABLE,149
 FLUOROSCOPIC GUIDANCE FOR NEEDLE PLACEMENT,494
 BONE AGE STUDY,188
 BONE LENGTH STUDY (SCANOGRAM),188
 OSSEOUS SURVEY (BONE),445
" OSSEOUS SURVEY (BONE), INFANT",188
 DEXA BONE DENSITY,403
 DEXA CENTRAL BONE DENSITY AND VERTEBRAL FRACTURE ASSESSMENT,291
 DEXA VERTEBRAL FRACTURE,96
 FLUOROSCOPY ANGIOGRAM NECK,637
 CHEST SINGLE VIEW,245
 CHEST 2 VIEWS,312
" CHEST X-RAY, 3 VIEWS",347
" CHEST, MINIMUM 4 VIEWS",317
 CHEST DECUBITUS SPECIAL (THREE) VIEWS,312
 CHEST DECUBITUS ONLY,108
" X-RAY STERNUM, MINIMUM 2 VIEWS",191
 CHEMO SUBCUTANEOUS/INTRAMUSCULAR INJECTION NON-HORMONAL,259
 CHEMO SUBCUTANEOUS/INTRAMUSCULAR INJECTION HORMONAL,267
 CHEMO IV PUSH SINGLE/INITIAL,325
 CHEMO IV PUSH EACH ADDTL DRUG,221
 CHEMO INFUSION 1ST HOUR,546
 CHEMO INFUSION EACH ADDTL HOUR,266
 CHEMO PUMP INITIAL FOR PROLONGED INFUSION > 8 HOURS,546
 CHEMO INFUSION ADDTL SEQUENTIAL 1ST HOUR,296
 THYROID UPTAKE SINGLE/MULTIPLE,287
 THYROID SCAN,435
 THYROID UPTAKE W/SCAN MULTIPLE,727
 PARATHYROID IMAGING SPECT,594
 BONE MARROW LIMITED AREA,821
 BONE MARROW WHOLE BODY,1063
 LYMPH GLAND IMAGING,888
 LIVER IMAGING SPECT,1121
 LIVER/SPLEEN IMAGING STATIC,1148
 HEPATOBILIARY SCAN WITHOUT DRUG,1020
 HEPATOBILIARY SCAN WITH DRUG,1124
 GASTRIC MUCOSA EMPTYING,942
 ACUTE GI BLOOD LOSS IMAGING,924
 BONE/JT IMAGING LIMITED AREA,843
 BONE IMAGING WHOLE BODY,1308
 BONE IMAGING 3 PHASE LIMITED AREA,1424
 BONE IMAGING 3 PHASE WHOLE BODY,1541
 BONE/JT IMAGING SPECT,984
" MYOCARDIAL PERFUSION SINGLE SPECT, REST OR STRESS",2597
" MYOCARDIAL PERFUSION MULTIPLE SPECT, REST OR STRESS",3125
" CARDIAC BLOOD POOL IMAGING, GATED, SINGLE",1964
 LUNG VENTILATION IMAGING,739
 LUNG PERFUSION IMAGING,739
 LUNG VENTILATION AND PERFUSION,1804
" LUNG PERFUSION, QUANTITATIVE DIFFERENTIAL",873
 KIDNEY IMAGING WITH VASCULAR FLOW,739
 KIDNEY IMAGING WITH VASCULAR FLOW & FUNCTIONAL SINGLE STUDY,1104
" KIDNEY STUDY WITH RX INTERVENTION, LASIX",1104
" KIDNEY STUDY WITH RX INTERVENTION, VASOTEC, MULTIPLE",1104
" LOCALIZATION OF INFLAMMATOIN, LIMITED AREA, WBC",1223
 CT LIMITED OR FOLLOW UP,546
 CT HEAD/BRAIN WITHOUT CONTRAST,1529
 CT HEAD/BRAIN WITH CONTRAST,1529
 CT HEAD/BRAIN WITH AND WITHOUT CONTRAST,1529
 CT ORBIT/EAR/FOSSA WITHOUT CONTRAST,1529
 CT ORBIT/EAR/FOSSA WITH CONTRAST,1918
 CT ORBIT/EAR/FOSSA WITH AND WITHOUT CONTRAST,1856
 CT MAXILLOFACIAL WITHOUT CONTRAST,1747
 CT MAXILLOFACIAL WITH CONTRAST,1529
 CT MAXILLOFACIAL WITH AND WITHOUT CONTRAST,2184
 CT SOFT TISSUE NECK WITHOUT CONTRAST,1529
 CT SOFT TISSUE NECK WITH CONTRAST,1529
 CT SOFT TISSUE NECK WITH AND WITHOUT CONTRAST,1638
 CT ANGIOGRAPHY HEAD/BRAIN (WITH AND WITHOUT CONTRAST),1856
 CT ANGIOGRAPHY NECK (WITH AND WITHOUT CONTRAST),1856
 CT THORAX/CHEST WITHOUT CONTRAST,1638
 CT THORAX/CHEST WITH CONTRAST,1747
 CT THORAX/CHEST WITH AND WITHOUT CONTRAST,2293
 CT ANGIOGRAPHY CHEST (WITH AND WITHOUT CONTRAST),1856
 CT SPINE CERVICAL WITHOUT CONTRAST,1747
 CT SPINE CERVICAL WITH CONTRAST,1638
 CT SPINE THORACIC WITHOUT CONTRAST,1638
 CT SPINE THORACIC WITH CONTRAST,1638
 CT SPINE LUMBAR WITHOUT CONTRAST,1638
 CT SPINE LUMBAR WITH CONTRAST,1638
 CT PELVIS WITHOUT CONTRAST,1638
 CT PELVIS WITH CONTRAST,1856
 CT PELVIS WITH AND WITHOUT CONTRAST,1856
 CT UPPER EXTREMITY WITHOUT CONTRAST,1529
 CT UPPER EXTREMITY WITH CONTRAST,1638
 CT UPPER EXTREMITY WITH AND WITHOUT CONTRAST,1638
 CT LOWER EXTREMITY WITHOUT CONTRAST,1638
 CT LOWER EXTREMITY WITH CONTRAST,1529
 CT LOWER EXTREMITY WITH AND WITHOUT CONTRAST,1923
 CT ABDOMEN WITHOUT CONTRAST,1529
 CT ABDOMEN WITH CONTRAST,1747
 CT ABDOMEN WITH AND WITHOUT CONTRAST,1965
 CT ANGIOGRAPHY ABDOMEN (WITH AND WITHOUT CONTRAST),1965
 CT ABDOMEN/PELVIS WITHOUT CONTRAST,2678
 CT ABDOMEN/PELVIS WITH CONTRAST,2678
 CT ABDOMEN/PELVIS WITH AND WITHOUT CONTRAST,2678
 AMBULATORY (2 HR),280
 AMBULATORY CARE CHARGE,560
 CHOLANGIOGRAM DX,629
 MISC MICROSCOPE,85
 OR BASE LEVEL 1 CHARGE,1420
 OR BASE LEVEL 2 CHARGE,2712
 OR LEVEL 1 ADD 30 MIN,517
 OR LEVEL 2 ADD 30 MIN,1420
 PERC TRANS CHOLANGIOGRAM,923
 INJECTION CYSTOGRAM,213
 BREAST LOC US,776
 I & D BEDSIDE,557
 INJ RETRO CYSTOURETHROGRAM,246
 INJECTION HYSTEROSALPINGO,474
 INJECTION VENOGRAM,104
 PICC LINE INSERT-BEDSIDE,1181
 PICC LINE PLACEMENT,2733
 PICC TEAM PICC LINE INSERT,2733
" BIOPSY FINE NEEDLE ASPIRATION WITH FLUORO GUIDANCE, EA ADDL",200
" BIOPSY FINE NEEDLE ASPIRATION WITH CT GUIDANCE, EA ADDL",200
" BIOPSY FINE NEEDLE ASPIRATION WITH ULTRASOUND GUIDANCE, EA ADDL",200
 ARTHRO/ASPIR/INJ MAJOR JOINT,401
 PACEMAKER INSERTION TEMP,5044
 INJ CHOLANGIOGRAM INTRAOP,2866
 GENERAL ANESTHESIA SUPP 1ST 30 MIN,471
 GENERAL ANESTHESIA SUPP ADDTL 30 MIN,147
 LOCAL ANESTHESIA SUPP 1ST 30 MIN,219
 LOCAL ANESTHESIA SUPP ADDTL 30 MIN,74
 REGIONAL/MAC SUPP 1ST 30 MIN,368
 REGIONAL/MAC SUPP ADDTL 30 MIN,117
" MODERATE (CONSCIOUS) SEDATION, SAME PHYSICIAN, INITIAL 15 MIN, AGE < 5",574
" MODERATE (CONSCIOUS) SEDATION, SAME PHYS, INITIAL 15 MIN, AGE 5+",574
" MODERATE (CONSCIOUS) SEDATION, SAME PHYS, ADDTL 15 MIN",286
 CRYOPRECIPITATE EACH UNIT,187
 RED BLOOD CELLS LEUKOCYTE REDUCED EACH UNIT,504
 PLASMA FRESH FROZEN EACH UNIT,314
 PLATELETS EACH UNIT,289
 RED BLOOD CELLS WASHED EACH UNIT,740
 PLATELETS LEUKOCYTE REDUCED EACH UNIT,285
 PLATELETS IRRADIATED,339
 PLATELETS LEUKOCYTE REDUCED IRRADIATED EACH UNIT,294
" PLATELETS, PHERESIS, LEUKOCYTE REDUCED EACH UNIT",1931
 PLATELET PHERESIS IRRADIATED EACH UNIT,1977
 RED BLOOD CELLS IRRADIATED EACH UNIT,567
 RED BLOOD CELLS DEGLYCEROLIZED EACH UNIT,995
 RED BLOOD CELLS LEUKOCYTE REDUCED IRRADIATED EACH UNIT,567
 GRANULOCYTES PHERESIS EACH UNIT,3398
 BLOOD ADMINISTRATION,913
 DIGITAL MAMM BILATERAL DX,358
 DIGITAL MAMM BILATERAL DX IMP,418
 DIGITAL MAMM UNILATERAL DX,298
 DIGITAL MAMM UNILATERAL DX IMP,334
 TOMOSYNTHESIS MAMM,65
" CAD ADD-ON, DIAGNOSTIC MAMMOGRAM, UNILATERAL",44
 CAD DIAGNOSTIC,0
 ULTRASOUND GUIDED/PICC INSERTION,266
 ULTRASOUND SCREENING AAA,855
 ULTRASOUND SOFT TISSUE HEAD/NECK,597
 ULTRASOUND CHEST,305
 ULTRASOUND BREAST SCREEN COMPLETE UNILATERAL,519
 ULTRASOUND BREAST DX TARGETED UNILATERAL,394
 ULTRASOUND ABDOMEN COMPLETE,1033
 ULTRASOUND ABDOMEN LIMITED,778
 ULTRASOUND RETROPERITONEAL COMP,854
 ULTRASOUND RETROPERITONEAL LIMITED,799
 ULTRASOUND TRANPLANT KIDNEY WITH DUPLEX DOPPLER,799
 ULTRASOUND FETAL < 14 WEEKS,938
 ULTRASOUND FETAL MULT < 14 WEEKS,587
 ULTRASOUND FETAL > 14 WEEKS,999
 ULTRASOUND FETAL MULT >14 WEEKS,643
 ULTRASOUND FETAL LIMITED 1 OR MORE,343
 ULTRASOUND FETAL FOLLOW UP,213
 ULTRASOUND FETAL TRANSVAGINAL,426
 ULTRASOUND FETAL BIOPHYSICAL PROFILE W/O NONSTRESS,350
 ULTRASOUND FETAL UMBILICAL ARTERY DOPPLER,183
 ULTRASOUND TRANSVAGINAL NON OB,502
 ULTRASOUND PELVIC NON OB COMPLETE,837
 ULTRASOUND PELVIC NON OB LIMITED,307
 ULTRASOUND URINARY BLADDER,781
 ULTRASOUND SCROTUM AND CONTENTS,784
 ULTRASOUND EXTREMITY NONVASCULAR LIMITED,758
 ULTRASOUND COMPRESSION OF PSEUDOANEURYSM,740
 DIGITAL MAMM SCREEN BILATERAL,345
 DIGITAL MAMM SCREEN UNILATERAL,334
 DIGITAL MAMM SCREEN BILATERAL IMP,418
 CAD ADD ON SCREENING MAMMOGRAM,44
 TOMOSYNTHESIS MAMMOGRAM SCREENING,65
 OXYGEN INITIAL,225
 O2 MIST TENT SET UP,214
 OXYGEN DAILY,134
 NASOTRACHEAL SUCTIONING,63
 VENTILATOR INITIAL,1405
 VENTILATOR SUBSEQUENT,1114
 AEROSAL TREATMENT,111
 CONTINUOUS INHAL EACH ADDTL,170
 BIPAP INITIAL,692
 BIPAP SUBSEQ,307
 CPAP INITIAL,357
 CPAP SUBSEQ,215
 MDI INSTRUCTION,79
 SPACER,79
 ACAPELLA/FLUTTER INITIAL,168
 CPT,144
 ACAPELLA/FLUTTER SUBSEQ,118
 PULSE OXIMETRY,65
 PULSE OXIMETRY MULT WITH EXERCISE,107
 SERVICE CHARGE 1 HOUR,150
 SERVICE CHARGE 15 MINUTES,43
 MDI/DPI,105
 PR BREATH RETRAIN/UBE,107
 PULM REHAB LBE/OTHER,107
 PULM REHAB GROUP EXERCISE,85
 PULM REHAB PEAK FLOW,131
 BIOFEEDBACK TRAINING PELVIC FLOOR (PT),218
 ELECT STIM WOUND CARE,103
 ELECT STIM NON-WOUND CARE,103
 BIOFEEDBACK TRAINING (PT),218
" MMT, EXCLUDING HAND/TRUNK",77
 MMT HAND ONLY,77
" MMT BODY, EXCLUDING HAND",115
" MMT BODY, INCLUDING HAND",155
 PT ROM MEASUREMENTS,66
 ROM OF HAND,49
 PT CANALITH REPOSITIONING,148
 ICE/HOT PACK,0
 PT MECHANICAL TRACTION,145
 VASOPNEUMATIC DEVICE THERAPY,59
 PT PARAFIN BATH,108
 PT WHIRLPOOL/FLUIDO THERAPY,149
 MANUAL E-STIM 15 MIN,115
 ULTRASOUND/ATTENDED E-STIM,103
 PT IONTOPHORESIS,139
 CONTRAST BATH,115
 PT ULTRASOUND,134
 PT THERAPY EXERCISE,94
 PT NEUROMUSCULAR RE-EDUCTION,100
 PT AQUATIC THERAPY WITH EXERCISE,115
 PT GAIT TRAINING,135
 PT MASSAGE,112
 PT MANUAL THERAPY EACH 15MIN,125
 PT THERAPEUTIC ACTIVITY 15 MIN,93
 PT SENSORY INTEGRATION 15 MIN,41
 PT SELF-CARE/HOME MANAGEMENT,117
 PT COMMUNITY/WORK RE-INTEGRATION,98
 PT WHEELCHAIR MANAGEMENT,41
 PT DEBRIDEMENT 20 CM OR LESS,96
 PT DEBRIDEMENT GREATER 20 CM,121
 PT PHYSICAL PERFORMANCE TEST 15MIN,115
 PT ORTHOTIC FITTING/TRANING 15MIN,87
 PT PROSTHETIC TRAINING 15MIN,139
 PT ORTHOTIC CHECKOUT 15 MIN,119
 PT GROUP THERAPY,56
" PHYSICAL THERAPY EVALUATION, LOW COMPLEXITY",213
" PHYSICAL THERAPY EVALUATION, MODERATE COMPLEXITY",245
" PHYSICAL THERAPY EVALUATION, HIGH COMPLEXITY",277
 PHYSICAL THERAPY RE-EVALUATION OF ESTABLISHED PLAN OF CARE,138
 OT CANALITH REPOSITIONING,144
 OT ELEC STIM (WOUND CARE),149
 OT ELEC STIM,100
 BIOFEEDBACK TRAINING (OT),213
 BIOFEEDBACK TRAINING PELVIC FLOOR (OT),213
" MMT, EXCLUDING HAND/TRUNK",75
" MMT, HAND ONLY",75
" MMT, TOTAL BODY EXCLUDING HAND",112
" MMT, TOTAL BODY INCLUDING HAND",149
 OT ROM EXTRM/TRUNK EXCLUDING HAND,64
 ROM HAND,48
 OT ICE/HOT PACK,0
 OT VASOPNEUMATIC DEVICE TREATMENT,57
 OT PARAFIN BATH,107
 OT WHIRLPOOL/FLUIDO THERAPY,70
 OT ELEC STIM ATTND 15M,112
 ATTENDED E-STIM,112
 OT IONTOPHORESIS 15 MIN,136
 OT CONTRAST BATH,107
 OT ULTRASOUND 15 MIN,112
 OT THERAPEUTIC EXERCISE,96
 OT NEUROMUSCULAR RE-EDUCATION,98
 OT AQUATIC THERAPY WITH EXERCISE,112
 MASSAGE RVU1.0,80
 OT MANUAL THERAPY EACH 15MIN,119
 OT THERAPEUTIC ACTIVITY,119
 OT COGNITIVE TRAINING,69
 OT SENSORY INTEGRATION,40
 OT SELF-CARE/HOME MANAGEMENT,91
 OT COMMUNITY/WORK RE-INTEGRATION,98
 OT WHEELCHAIR MANAGEMENT 15 MIN,40
 OT WORK HARDENING 2 HOURS,627
 WORK HARDENING EACH ADDTL HOUR,312
 SELECTIVE WOUND DEBRIDEMENT 20 CM OR LESS,93
 SELECTIVE WOUND CARE DEBRIDEMENT GREATER THAN 20 CM,117
 OT PHYSICAL PERFORMANCE TEST 15MIN,112
 OT ORTHOTIC FITTING/TRAINING 15MIN,91
 OT PROSTHETIC TRANING EACH 15MIN,93
 OT ORTHOTIC/PROSTHETIC CHECK,119
 OT GROUP THERAPY,98
" OCCUPATIONAL THERAPY EVALUATION, LOW COMPLEXITY",213
" OCCUPATIONAL THERAPY EVALUATION, MODERATE COMPLEXITY",245
" OCCUPATIONAL THERAPY EVALUATION, HIGH COMPLEXITY",277
 OCCUPATIONAL THERAPY RE-EVALUATION OF ESTABLISHED PLAN OF CARE,138
 SPEECH TREATMENT 15 MIN,94
 SPEECH TREATMENT 30 MIN,188
 SPEECH TREATMENT 45 MIN,283
 SPEECH TREATMENT 60 MIN,376
 SPEECH TREATMENT 75 MIN,449
 SPEECH GROUP,149
 SWALLOWING TREATMENT,359
 SPEECH DEVICE TRAINING/FITTING,359
 COGNITIVE SKILLS DEVELOPMENT,69
 SPEECH SENSORY INTEGRATION,99
 COMMUNITY RE-ENTRY,41
" LARYNGOSCOPY, FLEXIBLE FIBEROPTIC, DIAGNOSTIC",377
" LARYNGOSCOPY, FLEXIBLE OR RIGID FIBEROPTIC, WITH STROBOSCOPY",932
 LARYNGEAL FUNCTION STUDY,146
 LARYNGEAL FNCT STUDY-PART,146
 EVAL SPEECH FLUENCY,246
 SOUND PRODUCTION EVALUATION,202
 LANGUAGE EVALUATION,416
 VOICE EVALUATION,210
 EVAL FOR VOICE PROSTHESTIC DEVICE,415
 SPEECH DEVICE EVAL-1ST HR,485
 SPEECH DEVICE EVAL-ADDTL HR,97
 CLINICAL SWALLOW EVALUATION,359
 SWALLOW EVALUATION,485
 FLEXIBLE FIBEROPTIC ENDOSCOPIC SWALLOW EVAL BY CINE OR VIDEO (FEES),176
 SP APHASIA ASSESSMENT 1 HOUR,376
 COGNITIVE PERFORMANCE TEST-PER HR,415
 HYPOTHERMIA UNIT,452
 SLIT LAMP PROCEDURE,56
 ER MONITOR,784
 ED BURN CARE SMALL <5%,84
 ER BURN CARE MEDIUM 5-10%,253
 ER BURN CARE LARGE >10%,321
 ORTHO MINOR PROCEDURE,253
 ORTHO MAJOR PROCEDURE,588
 ENT MINOR PROCEDURE,84
 ENT MAJOR PROCEDURE,253
 GI MINOR PROCEDURE,84
 GI MAJOR PROCEDURE,338
 GU MINOR PROCEDURE,84
 GU MAJOR PROCEDURE,170
 THORACIC MINOR PROCEDURE,588
 THORACIC MAJOR PROCEDURE,842
 OTHER MINOR PROCEDURE,253
 OTHER MAJOR PROCEDURE,2016
 LACERATION SMALL,211
 LACERATION MEDIUM,278
 LACERATION LARGE,378
 INTUBATION,253
 TRACHEOSTOMY PROCEDURE,314
 IV CUTDOWN PROCEDURE,314
 INTRAOSSEOUS INFUSION,253
 PARACENTESIS (ABDOMINAL),233
 CPR,253
 EMERGENCY ROOM LEVEL 1,170
 EMERGENCY ROOM LEVEL 2,256
 EMERGENCY ROOM LEVEL 3,378
 EMERGENCY ROOM LEVEL 4,768
 EMERGENCY ROOM LEVEL 5,1124
 EMERGENCY ROOM CRITICAL CARE,1654
 ER CRITICAL CARE ADDTL 30 MIN,144
 SPIROMETRY,357
 PRE AND POST SPIROMETRY,576
 PEAK EXPIRATORY FLOW SUBQ,52
 PEAK EXPIRATORY FLOW INITIAL,115
 PULSE OXIM SIX MIN WALK,125
 PULM REHAB AEROSOL/MDI TX,82
 LUNG VOLUMES W AIRWAYS,378
 DIFFUSION STUDY,197
 INCENTIVE SPIR TX,47
 CARDIAC ARREST,936
 CARDIOVERSION,1008
 24 HOUR AMBULATORY BP RECORDING,134
 24 HOUR AMBULATORY BP SCAN,381
 STRESS TEST,905
" STRESS TEST, TREADMILL/EXERCISE",905
 STRESS TEST MYOVIEW,905
 2-D ECHO WITH CONTRAST,2034
 2-D ECHO COMPLETE,2034
 2-D ECHO WITHOUT DOPPLER,934
 ECHO TRANSTHORACIC LIMITED,239
 ULTRASOUND TRANSESOPHAGEAL ECHO,1418
 DOPPLER ECHOCARDIOGRAM,802
 DOPPLER ECHO LIMITED,369
 COLORFLOW DOPPLER ECHO,354
 STRESS ECHO - EXERCISE,2093
 STRESS ECHO - PHARMACOLOGIC,2093
 STRESS ECHO WITH CONTRAST,2093
 CENTRAL LINE FLUSH,117
 CLINIC VISIT,106
 DRESSING CHANGE,117
 DRESSING CHANGE MAJOR,117
 DRESSING CHANGE MINOR,117
 ER SIMPLE RECHECK,87
 PICC LINE DRESSSING CHANGE/FLUSH,117
 PICC LINE REMOVAL,98
 TREATMENT ROOM < 15 MINUTES,117
 CLINIC VISIT CA TEACHING,117
 MRI ORBIT FACE NECK WITHOUT CONTRAST,1856
 MRI ORBIT FACE NECK WITH CONTRAST,2293
 MRI ORBIT FACE NECK WITHOUT AND WITH CONTRAST,2620
 MRI MRCP,1965
 MRI MRCP WITHOUT AND WITH CONTRAST,2730
 MRI HEART STRESS IMG WITHOUT CONTRAST,2897
 MRI BRAIN WITHOUT CONTRAST,1638
 MRI BRAIN WITH CONTRAST,1801
 MRI BRAIN WITHOUT AND WITH CONTRAST,2620
 MRI SPINE CERVICAL WITHOUT CONTRAST,1638
 MRI SPINE CERVICAL WITH CONTRAST,1965
 MRI SPINE THORACIC WITHOUT CONTRAST,1638
 MRI SPINE THORACIC WITH CONTRAST,1965
 MRI SPINE LUMBAR WITHOUT CONTRAST,1638
 MRI SPINE LUMBAR WITH CONTRAST,1965
 MRI SPINE CERVICAL WITHOUT AND WITH CONTRAST,2511
 MRI SPINE THORACIC WITHOUT AND WITH CONTRAST,2730
 MRI SPINE LUMBAR WITHOUT AND WITH CONTRAST,2511
 MRI TEMPOROMANDIBULAR JOINT,1965
 MRI CHEST WITHOUT CONTRAST,1965
 MRI CHEST WITH CONTRAST,2184
 MRI CHEST WITHOUT AND WITH CONTRAST,2402
 MRI PELVIS WITHOUT CONTRAST,1747
 MRI RECTUM WITHOUT CONTRAST,1529
 MRI PELVIS WITH CONTRAST,2184
 MRI PELVIS WITHOUT AND WITH CONTRAST,2511
 MRI UPPER EXTREMITY WITHOUT CONTRAST,1747
 MRI BRACHIAL PLEXUS WITHOUT CONTRAST,2170
 MRI STERNOCLAVICULAR JOINT WITHOUT CONTRAST,2170
 MRI BRACHIAL PLEXUS WITH CONTRAST,2742
 MRI STERNOCLAVICULAR JOINT WITH CONTRAST,2742
 MRI UPPER EXTREMITY WITH CONTRAST,2742
 MRI BRACHIAL PLEXUS WITHOUT AND WITH CONTRAST,2511
 MRI UPPER EXTREMITY WITHOUT AND WITH CONTRAST,2511
 MRI STERNOCLAVICULAR JOINT WITH AND WITHOUT CONTRAST,3144
 MRI UPPER EXTREMITY JOINT WITHOUT CONTRAST,1638
 MRI UPPER EXTREMITY JOINT WITH CONTRAST,2184
 MRI UPPER EXTREMITY JOINT WITHOUT AND WITH CONTRAST,2511
 MRI LOWER EXTREMITY WITHOUT CONTRAST,1747
 MRI LOWER EXTREMITY WITH CONTRAST,2184
 MRI LOWER EXTREMITY WITHOUT AND WITH CONTRAST,2511
 MRI LOWER EXTREMITY JOINT WITHOUT CONTRAST,1638
 MRI LOWER EXTREMITY JOINT WITH CONTRAST,2184
 MRI LOWER EXTREMITY JOINT WITHOUT AND WITH CONTRAST,2511
 MRI ABDOMEN WITHOUT CONTRAST,1965
 MRI ABDOMEN WITH CONTRAST,2402
 MRI ABDOMEN WITHOUT AND WITH CONTRAST,2730
 MRA CIRCLE OF WILLIS (HEAD) WITHOUT CONTRAST,1856
 MRA CIRCLE OF WILLIS (HEAD) WITH CONTRAST,1856
 MRA CIRCLE OF WILLIS (HEAD) WITHOUT AND WITH CONTRAST,1856
 MRA NECK WITHOUT CONTRAST,1856
 MRA NECK WITH CONTRAST,1856
 MRA NECK WITHOUT AND WITH CONTRAST,1856
" MRA LOWER EXTREMITY WITH CONTRAST, UNILATERAL",2071
" MRA LOWER EXTREMITY WITH CONTRAST, BILATERAL",4140
" MRA LOWER EXTREMITY WITHOUT CONTRAST, UNILATERAL",2071
" MRA LOWER EXTREMITY WITHOUT CONTRAST, BILATERAL",4140
" MRA LOWER EXTREMITY WITHOUT AND WITH CONTRAST, UNILATERAL",1747
" MRA LOWER EXTREMITY WITHOUT AND WITH CONTRAST, BILATERAL",3057
 MRA ABDOMEN WITH CONTRAST,2730
 MRA ABDOMEN WITHOUT CONTRAST,2897
 MRA ABDOMEN WITHOUT AND WITH CONTRAST,2730
 MRA CHEST WITH CONTRAST,2620
 MRA CHEST WO CONTRAST,2620
 MRA CHEST WITHOUT AND WITH CONTRAST,2620
 MRA PELVIS WITH CONTRAST,2897
 MRA PELVIS WITHOUT CONTRAST,2897
 MRA PELVIS WITHOUT AND WITH CONTRAST,2730
 RHOGAM,353
 RECOVERY ROOM EACH ADDTL 30M,191
 RECOVERY ROOM 1ST 30 MIN,586
 SECONDARY RECOVERY HOURLY,59
 OXYGEN,36
 RECOVERY ROOM ADDTL PERSON EACH 30MIN,191
 OXYGEN IN RECOVERY ROOM,83
 EKG,235
 EKG RHYTHM STRIP,61
 HOLTER 24 ECG SCAN,480
 HOLTER 24 HOUR RECORDING,307
 HOLTER SCANNING WITH REPORT,119
 EVENT RECORDER HOOK UP,127
 EVENT RECORDER TRANSMISSION AND ANALYSIS,372
 HOME SLEEP TEST,627
 BONE MARROW BEDSIDE,341
 LUMBAR PUNCTURE,533
 BREAST MASS LOCAL 1ST LES WITH MAM,888
 BRST MASS LOCAL ADDITIONAL LES WITH MAM,888
 ULTRASOUND BREAST MASS LOCAL ADDITIONAL,776
 DECLOT CENTRAL LINE,473
 FOLEY CATH INSERT,74
 IV START,84
 REFILL/MAINTAIN PORTBLE PUMP,277
 IRRIGATION IMP VEN ACCESS,131
 OBSERVATION DIRECT ADMIT,473
" OBSERVATION BASE, OBS UNIT",274
" OBSERVATION HOURLY, OBS UNIT",52
" OBSERVATION BASE, MED/SURG",274
" OBSERVATION HOURLY, MED/SURG",52
 LDCT LUNG CANCER SCREENING,1586
 IMMUNIZATION ADMIN INFLUENZA (MEDICARE),29
 IMMUNIZATION ADMIN PNEUMONIA (MEDICARE),29
 IMMUNIZATION ADMIN HEPATITIS B (MEDICARE),29
" IMMUNIZATION INITIAL ADMIN <= 18YRS, WITH COUNSELING",29
" IMMUNIZATION SUBSEQUENT ADMIN <= 18YRS, WITH COUNSELING",29
" IMMUNIZATION INITIAL ADMIN, INTRAMUSCULAR/INTRADERMAL",29
" IMMUNIZATION SUBSEQUENT ADMIN, INTRAMUSCULAR/INTRADERMAL",29
 ALLERGY INJECTION SINGLE,34
 ALLERGY INJECTION MULTIPLE,45
 ORIGINATING SITE FEE (TELEMEDICINE),69
 INDIVIDUAL THERAPY 30 MIN,185
 INDIVIDUAL THERAPY 45 MIN,260
 INDIVIDUAL PSYCHOTHERAPY 60 MIN,310
 GROUP THERAPY 45-50 MIN,180
 FAMILY THERAPY WITHOUT PATIENT PRESENT,310
 FAMILY THERAPY WITH PATIENT PRESENT,310
 MULTIPLE SLEEP LATENCY,2234
 MULTIPLE SLEEP LATENCY WITH CPAP,2743
 SLEEP STUDY ATTENDED BY TECHNICIAN,1382
 POLYSOMNOGRAM ADULT > 6 YEARS,3277
 POLYSOMNOGRAM WITH CPAP,3454
 DUPLEX CAROTID BILATERAL COMPLETE,1197
 DUPLEX CAROTID LIMITED,270
 ARTERIAL DOPPLER UP/LWR EXT LIMITED,546
 ULTRASOUND ARTERIAL DOPPLER LOWER EXT,692
 ULTRASOUND ARTERIAL DOPPLER UPPER EXT,692
 ULTRASOUND ARTERIAL DOPPLER ABI WITH TREADMILL EXERCISE,749
 DUPLEX ARTERIAL LOWER EXT,1231
 DUPLEX LOWER EXT ARTERIAL LIMITED,561
 ULTRASOUND VENOUS UPPER OR LOWER EXT BILATERAL,1225
 ULTRASOUND VENOUS LOWER OR UPPER EXT UNILATERAL,587
 ULTRASOUND LIVER / RENAL DOPPLER,534
 ULTRASOUND DOPPLER ABDOMEN,534
 EMG LARYNX,436
 CONT GLUCOSE MONITOR TECH,270
 D.M. NURSE ASSESSMENT,0
 NUTRITION ASSESSMENT/THERAPY,0
 THERAPEUTIC PHLEBOTOMY,147
 DIABETES TRAINING INDIVIDUAL 30 MIN,77
 DIABETES GROUP TRAINING 30MIN,37
 MED NUTRITION INITIAL THERAPY INDIVIDUAL,38
 MED NUTRITION THERAPY FOLLOW UP INDIVIDUAL,38
 CARDIAC REHAB PHASE 3,5
 PAD REHAB PER SESSION,140
 CARDIAC REHAB PHASE 2 NON-MONITORED,181
 CARDIAC REHAB PHASE 2,181
 PULM REHAB COPD,126
 PULMONARY REHAB PHASE 3 SELF-PAY,5
" TRANSITIONAL AQUATIC THERAPY, PER MONTH",35
 PERFORMANCE TRAINING 90 MINS,125
 PERFORMANCE TRAINING 60 MINS,100
 PERFORMANCE TRAINING 45 MINS,75
 DISABILITY EVALUATION,128
 CHILDBIRTH PREPARATION,45
 CHILDBIRTH PREPARATION 2,65
 LACTATION CLASS,15
 BABYCARE BOOT CAMP,15
