MS-DRG ,MS-DRG Title,FY18 Average Charge All Inpatient Discharges,,,,
001,HEART TRANSPLANT OR IMPLANT OF HEART ASSIST SYSTEM W MCC," 375,463 ",,,,
003,"ECMO OR TRACH W MV >96 HRS OR PDX EXC FACE, MOUTH & NECK W MAJ O.R."," 289,976 ",,,,
004,"TRACH W MV >96 HRS OR PDX EXC FACE, MOUTH & NECK W/O MAJ O.R."," 209,755 ",,,,
005,LIVER TRANSPLANT W MCC OR INTESTINAL TRANSPLANT," 306,667 ",,,,
006,LIVER TRANSPLANT W/O MCC," 211,439 ",,,,
011,"TRACHEOSTOMY FOR FACE,MOUTH & NECK DIAGNOSES W MCC"," 81,688 ",,,,
012,"TRACHEOSTOMY FOR FACE,MOUTH & NECK DIAGNOSES W CC"," 76,350 ",,,,
013,"TRACHEOSTOMY FOR FACE,MOUTH & NECK DIAGNOSES W/O CC/MCC"," 57,257 ",,,,
016,AUTOLOGOUS BONE MARROW TRANSPLANT W CC/MCC," 95,465 ",,,,
020,INTRACRANIAL VASCULAR PROCEDURES W PDX HEMORRHAGE W MCC," 206,674 ",,,,
021,INTRACRANIAL VASCULAR PROCEDURES W PDX HEMORRHAGE W CC," 165,436 ",,,,
023,CRANIOTOMY W MAJOR DEVICE IMPLANT OR ACUTE CNS PDX W MCC OR CHEMOTHERAPY IMPLANT OR EPILEPSY W NEUROSTIMULATOR," 88,087 ",,,,
024,CRANIO W MAJOR DEV IMPL/ACUTE COMPLEX CNS PDX W/O MCC," 68,471 ",,,,
025,CRANIOTOMY & ENDOVASCULAR INTRACRANIAL PROCEDURES W MCC," 54,852 ",,,,
026,CRANIOTOMY & ENDOVASCULAR INTRACRANIAL PROCEDURES W CC," 47,921 ",,,,
027,CRANIOTOMY & ENDOVASCULAR INTRACRANIAL PROCEDURES W/O CC/MCC," 57,839 ",,,,
028,SPINAL PROCEDURES W MCC," 74,637 ",,,,
029,SPINAL PROCEDURES W CC OR SPINAL NEUROSTIMULATORS," 43,138 ",,,,
030,SPINAL PROCEDURES W/O CC/MCC," 28,696 ",,,,
031,VENTRICULAR SHUNT PROCEDURES W MCC," 30,090 ",,,,
032,VENTRICULAR SHUNT PROCEDURES W CC," 29,369 ",,,,
033,VENTRICULAR SHUNT PROCEDURES W/O CC/MCC," 25,319 ",,,,
034,CAROTID ARTERY STENT PROCEDURE W MCC," 72,220 ",,,,
035,CAROTID ARTERY STENT PROCEDURE W CC," 33,803 ",,,,
036,CAROTID ARTERY STENT PROCEDURE W/O CC/MCC," 17,329 ",,,,
037,EXTRACRANIAL PROCEDURES W MCC," 82,292 ",,,,
038,EXTRACRANIAL PROCEDURES W CC," 34,845 ",,,,
039,EXTRACRANIAL PROCEDURES W/O CC/MCC," 22,988 ",,,,
040,PERIPH/CRANIAL NERVE & OTHER NERV SYST PROC W MCC," 74,377 ",,,,
041,PERIPH/CRANIAL NERVE & OTHER NERV SYST PROC W CC OR PERIPH NEUROSTIM," 48,284 ",,,,
042,PERIPH/CRANIAL NERVE & OTHER NERV SYST PROC W/O CC/MCC," 37,731 ",,,,
052,SPINAL DISORDERS & INJURIES W CC/MCC," 26,138 ",,,,
053,SPINAL DISORDERS & INJURIES W/O CC/MCC," 12,611 ",,,,
054,NERVOUS SYSTEM NEOPLASMS W MCC," 13,376 ",,,,
055,NERVOUS SYSTEM NEOPLASMS W/O MCC," 12,852 ",,,,
056,DEGENERATIVE NERVOUS SYSTEM DISORDERS W MCC," 38,557 ",,,,
057,DEGENERATIVE NERVOUS SYSTEM DISORDERS W/O MCC," 16,070 ",,,,
058,MULTIPLE SCLEROSIS & CEREBELLAR ATAXIA W MCC," 25,907 ",,,,
059,MULTIPLE SCLEROSIS & CEREBELLAR ATAXIA W CC," 25,912 ",,,,
060,MULTIPLE SCLEROSIS & CEREBELLAR ATAXIA W/O CC/MCC," 20,575 ",,,,
061,"ISCHEMIC STROKE, PRECEREBRAL OCCLUSION OR TRANSIENT ISCHEMIA W THROMBOLYTIC AGENT W MCC"," 50,890 ",,,,
062,"ISCHEMIC STROKE, PRECEREBRAL OCCLUSION OR TRANSIENT ISCHEMIA W THROMBOLYTIC AGENT W CC"," 42,015 ",,,,
063,"ISCHEMIC STROKE, PRECEREBRAL OCCLUSION OR TRANSIENT ISCHEMIA W THROMBOLYTIC AGENT W/O CC/MCC"," 38,595 ",,,,
064,INTRACRANIAL HEMORRHAGE OR CEREBRAL INFARCTION W MCC," 27,958 ",,,,
065,INTRACRANIAL HEMORRHAGE OR CEREBRAL INFARCTION W CC OR TPA IN 24 HRS," 21,585 ",,,,
066,INTRACRANIAL HEMORRHAGE OR CEREBRAL INFARCTION W/O CC/MCC," 18,450 ",,,,
067,NONSPECIFIC CVA & PRECEREBRAL OCCLUSION W/O INFARCT W MCC," 12,986 ",,,,
068,NONSPECIFIC CVA & PRECEREBRAL OCCLUSION W/O INFARCT W/O MCC," 13,934 ",,,,
069,TRANSIENT ISCHEMIA W/O THROMBOLYTIC," 14,067 ",,,,
070,NONSPECIFIC CEREBROVASCULAR DISORDERS W MCC," 28,395 ",,,,
071,NONSPECIFIC CEREBROVASCULAR DISORDERS W CC," 16,648 ",,,,
072,NONSPECIFIC CEREBROVASCULAR DISORDERS W/O CC/MCC," 9,858 ",,,,
073,CRANIAL & PERIPHERAL NERVE DISORDERS W MCC," 34,705 ",,,,
074,CRANIAL & PERIPHERAL NERVE DISORDERS W/O MCC," 16,479 ",,,,
076,VIRAL MENINGITIS W/O CC/MCC," 9,654 ",,,,
077,HYPERTENSIVE ENCEPHALOPATHY W MCC," 18,203 ",,,,
078,HYPERTENSIVE ENCEPHALOPATHY W CC," 6,741 ",,,,
079,HYPERTENSIVE ENCEPHALOPATHY W/O CC/MCC," 14,485 ",,,,
080,NONTRAUMATIC STUPOR & COMA W MCC," 24,743 ",,,,
081,NONTRAUMATIC STUPOR & COMA W/O MCC," 3,545 ",,,,
082,"TRAUMATIC STUPOR & COMA, COMA >1 HR W MCC"," 45,228 ",,,,
083,"TRAUMATIC STUPOR & COMA, COMA >1 HR W CC"," 17,941 ",,,,
084,"TRAUMATIC STUPOR & COMA, COMA >1 HR W/O CC/MCC"," 9,623 ",,,,
085,"TRAUMATIC STUPOR & COMA, COMA <1 HR W MCC"," 27,887 ",,,,
086,"TRAUMATIC STUPOR & COMA, COMA <1 HR W CC"," 15,306 ",,,,
087,"TRAUMATIC STUPOR & COMA, COMA <1 HR W/O CC/MCC"," 11,000 ",,,,
088,CONCUSSION W MCC," 17,212 ",,,,
089,CONCUSSION W CC," 14,136 ",,,,
090,CONCUSSION W/O CC/MCC," 12,092 ",,,,
091,OTHER DISORDERS OF NERVOUS SYSTEM W MCC," 24,329 ",,,,
092,OTHER DISORDERS OF NERVOUS SYSTEM W CC," 14,759 ",,,,
093,OTHER DISORDERS OF NERVOUS SYSTEM W/O CC/MCC," 12,819 ",,,,
094,BACTERIAL & TUBERCULOUS INFECTIONS OF NERVOUS SYSTEM W MCC," 55,956 ",,,,
095,BACTERIAL & TUBERCULOUS INFECTIONS OF NERVOUS SYSTEM W CC," 30,586 ",,,,
096,BACTERIAL & TUBERCULOUS INFECTIONS OF NERVOUS SYSTEM W/O CC/MCC," 20,436 ",,,,
097,NON-BACTERIAL INFECT OF NERVOUS SYS EXC VIRAL MENINGITIS W MCC," 40,011 ",,,,
098,NON-BACTERIAL INFECT OF NERVOUS SYS EXC VIRAL MENINGITIS W CC," 33,852 ",,,,
099,NON-BACTERIAL INFECT OF NERVOUS SYS EXC VIRAL MENINGITIS W/O CC/MCC," 17,345 ",,,,
100,SEIZURES W MCC," 31,951 ",,,,
101,SEIZURES W/O MCC," 15,227 ",,,,
102,HEADACHES W MCC," 12,205 ",,,,
103,HEADACHES W/O MCC," 13,151 ",,,,
114,ORBITAL PROCEDURES W/O CC/MCC," 12,639 ",,,,
115,EXTRAOCULAR PROCEDURES EXCEPT ORBIT," 17,018 ",,,,
117,INTRAOCULAR PROCEDURES W/O CC/MCC," 18,689 ",,,,
123,NEUROLOGICAL EYE DISORDERS," 19,667 ",,,,
124,OTHER DISORDERS OF THE EYE W MCC," 10,413 ",,,,
125,OTHER DISORDERS OF THE EYE W/O MCC," 10,119 ",,,,
129,MAJOR HEAD & NECK PROCEDURES W CC/MCC OR MAJOR DEVICE," 38,310 ",,,,
130,MAJOR HEAD & NECK PROCEDURES W/O CC/MCC," 25,606 ",,,,
133,"OTHER EAR, NOSE, MOUTH & THROAT O.R. PROCEDURES W CC/MCC"," 22,115 ",,,,
134,"OTHER EAR, NOSE, MOUTH & THROAT O.R. PROCEDURES W/O CC/MCC"," 16,683 ",,,,
135,SINUS & MASTOID PROCEDURES W CC/MCC," 30,807 ",,,,
138,MOUTH PROCEDURES W/O CC/MCC," 8,518 ",,,,
139,SALIVARY GLAND PROCEDURES," 15,373 ",,,,
146,"EAR, NOSE, MOUTH & THROAT MALIGNANCY W MCC"," 11,517 ",,,,
147,"EAR, NOSE, MOUTH & THROAT MALIGNANCY W CC"," 18,915 ",,,,
149,DYSEQUILIBRIUM," 11,584 ",,,,
150,EPISTAXIS W MCC," 17,257 ",,,,
151,EPISTAXIS W/O MCC," 8,152 ",,,,
152,OTITIS MEDIA & URI W MCC," 46,183 ",,,,
153,OTITIS MEDIA & URI W/O MCC," 10,526 ",,,,
154,"OTHER EAR, NOSE, MOUTH & THROAT DIAGNOSES W MCC"," 13,431 ",,,,
155,"OTHER EAR, NOSE, MOUTH & THROAT DIAGNOSES W CC"," 10,877 ",,,,
156,"OTHER EAR, NOSE, MOUTH & THROAT DIAGNOSES W/O CC/MCC"," 11,022 ",,,,
157,DENTAL & ORAL DISEASES W MCC," 15,670 ",,,,
158,DENTAL & ORAL DISEASES W CC," 11,311 ",,,,
159,DENTAL & ORAL DISEASES W/O CC/MCC," 6,410 ",,,,
163,MAJOR CHEST PROCEDURES W MCC," 52,120 ",,,,
164,MAJOR CHEST PROCEDURES W CC," 39,763 ",,,,
165,MAJOR CHEST PROCEDURES W/O CC/MCC," 33,765 ",,,,
166,OTHER RESP SYSTEM O.R. PROCEDURES W MCC," 59,261 ",,,,
167,OTHER RESP SYSTEM O.R. PROCEDURES W CC," 27,193 ",,,,
168,OTHER RESP SYSTEM O.R. PROCEDURES W/O CC/MCC," 21,836 ",,,,
175,PULMONARY EMBOLISM W MCC," 28,398 ",,,,
176,PULMONARY EMBOLISM W/O MCC," 16,716 ",,,,
177,RESPIRATORY INFECTIONS & INFLAMMATIONS W MCC," 20,295 ",,,,
178,RESPIRATORY INFECTIONS & INFLAMMATIONS W CC," 12,380 ",,,,
179,RESPIRATORY INFECTIONS & INFLAMMATIONS W/O CC/MCC," 10,014 ",,,,
180,RESPIRATORY NEOPLASMS W MCC," 19,962 ",,,,
181,RESPIRATORY NEOPLASMS W CC," 17,575 ",,,,
183,MAJOR CHEST TRAUMA W MCC," 16,367 ",,,,
184,MAJOR CHEST TRAUMA W CC," 12,763 ",,,,
185,MAJOR CHEST TRAUMA W/O CC/MCC," 10,618 ",,,,
186,PLEURAL EFFUSION W MCC," 23,050 ",,,,
187,PLEURAL EFFUSION W CC," 12,395 ",,,,
189,PULMONARY EDEMA & RESPIRATORY FAILURE," 14,991 ",,,,
190,CHRONIC OBSTRUCTIVE PULMONARY DISEASE W MCC," 11,517 ",,,,
191,CHRONIC OBSTRUCTIVE PULMONARY DISEASE W CC," 10,372 ",,,,
192,CHRONIC OBSTRUCTIVE PULMONARY DISEASE W/O CC/MCC," 8,184 ",,,,
193,SIMPLE PNEUMONIA & PLEURISY W MCC," 14,184 ",,,,
194,SIMPLE PNEUMONIA & PLEURISY W CC," 10,085 ",,,,
195,SIMPLE PNEUMONIA & PLEURISY W/O CC/MCC," 8,142 ",,,,
196,INTERSTITIAL LUNG DISEASE W MCC," 18,461 ",,,,
198,INTERSTITIAL LUNG DISEASE W/O CC/MCC," 11,736 ",,,,
199,PNEUMOTHORAX W MCC," 28,998 ",,,,
200,PNEUMOTHORAX W CC," 12,786 ",,,,
201,PNEUMOTHORAX W/O CC/MCC," 10,050 ",,,,
202,BRONCHITIS & ASTHMA W CC/MCC," 10,631 ",,,,
203,BRONCHITIS & ASTHMA W/O CC/MCC," 8,514 ",,,,
204,RESPIRATORY SIGNS & SYMPTOMS," 11,743 ",,,,
205,OTHER RESPIRATORY SYSTEM DIAGNOSES W MCC," 13,678 ",,,,
206,OTHER RESPIRATORY SYSTEM DIAGNOSES W/O MCC," 12,364 ",,,,
207,RESPIRATORY SYSTEM DIAGNOSIS W VENTILATOR SUPPORT >96 HOURS," 91,830 ",,,,
208,RESPIRATORY SYSTEM DIAGNOSIS W VENTILATOR SUPPORT <=96 HOURS," 33,567 ",,,,
215,OTHER HEART ASSIST SYSTEM IMPLANT," 192,197 ",,,,
216,CARDIAC VALVE & OTH MAJ CARDIOTHORACIC PROC W CARD CATH W MCC," 148,148 ",,,,
217,CARDIAC VALVE & OTH MAJ CARDIOTHORACIC PROC W CARD CATH W CC," 81,088 ",,,,
219,CARDIAC VALVE & OTH MAJ CARDIOTHORACIC PROC W/O CARD CATH W MCC," 80,015 ",,,,
220,CARDIAC VALVE & OTH MAJ CARDIOTHORACIC PROC W/O CARD CATH W CC," 61,134 ",,,,
221,CARDIAC VALVE & OTH MAJ CARDIOTHORACIC PROC W/O CARD CATH W/O CC/MCC," 48,851 ",,,,
222,CARDIAC DEFIB IMPLANT W CARDIAC CATH W AMI/HF/SHOCK W MCC," 184,673 ",,,,
223,CARDIAC DEFIB IMPLANT W CARDIAC CATH W AMI/HF/SHOCK W/O MCC," 141,886 ",,,,
224,CARDIAC DEFIB IMPLANT W CARDIAC CATH W/O AMI/HF/SHOCK W MCC," 178,046 ",,,,
225,CARDIAC DEFIB IMPLANT W CARDIAC CATH W/O AMI/HF/SHOCK W/O MCC," 139,413 ",,,,
226,CARDIAC DEFIBRILLATOR IMPLANT W/O CARDIAC CATH W MCC," 177,491 ",,,,
227,CARDIAC DEFIBRILLATOR IMPLANT W/O CARDIAC CATH W/O MCC," 138,403 ",,,,
228,OTHER CARDIOTHORACIC PROCEDURES W MCC," 111,987 ",,,,
229,OTHER CARDIOTHORACIC PROCEDURES W/O MCC," 77,971 ",,,,
231,CORONARY BYPASS W PTCA W MCC," 103,400 ",,,,
232,CORONARY BYPASS W PTCA W/O MCC," 74,652 ",,,,
233,CORONARY BYPASS W CARDIAC CATH W MCC," 72,353 ",,,,
234,CORONARY BYPASS W CARDIAC CATH W/O MCC," 60,107 ",,,,
235,CORONARY BYPASS W/O CARDIAC CATH W MCC," 48,635 ",,,,
236,CORONARY BYPASS W/O CARDIAC CATH W/O MCC," 38,981 ",,,,
239,AMPUTATION FOR CIRC SYS DISORDERS EXC UPPER LIMB & TOE W MCC," 59,223 ",,,,
240,AMPUTATION FOR CIRC SYS DISORDERS EXC UPPER LIMB & TOE W CC," 40,010 ",,,,
241,AMPUTATION FOR CIRC SYS DISORDERS EXC UPPER LIMB & TOE W/O CC/MCC," 17,060 ",,,,
242,PERMANENT CARDIAC PACEMAKER IMPLANT W MCC," 61,915 ",,,,
243,PERMANENT CARDIAC PACEMAKER IMPLANT W CC," 51,725 ",,,,
244,PERMANENT CARDIAC PACEMAKER IMPLANT W/O CC/MCC," 44,230 ",,,,
245,AICD GENERATOR PROCEDURES," 147,219 ",,,,
246,PERCUTANEOUS CARDIOVASCULAR PROCEDURES W DRUG-ELUTING STENT W MCC OR 4+ ARTERIES OR STENTS," 64,858 ",,,,
247,PERC CARDIOVASC PROC W DRUG-ELUTING STENT W/O MCC," 50,789 ",,,,
249,PERC CARDIOVASC PROC W NON-DRUG-ELUTING STENT W/O MCC," 47,340 ",,,,
250,PERC CARDIOVASC PROC W/O CORONARY ARTERY STENT W MCC," 50,500 ",,,,
251,PERC CARDIOVASC PROC W/O CORONARY ARTERY STENT W/O MCC," 43,099 ",,,,
252,OTHER VASCULAR PROCEDURES W MCC," 50,572 ",,,,
253,OTHER VASCULAR PROCEDURES W CC," 42,153 ",,,,
254,OTHER VASCULAR PROCEDURES W/O CC/MCC," 35,055 ",,,,
255,UPPER LIMB & TOE AMPUTATION FOR CIRC SYSTEM DISORDERS W MCC," 38,312 ",,,,
256,UPPER LIMB & TOE AMPUTATION FOR CIRC SYSTEM DISORDERS W CC," 19,848 ",,,,
258,CARDIAC PACEMAKER DEVICE REPLACEMENT W MCC," 64,705 ",,,,
259,CARDIAC PACEMAKER DEVICE REPLACEMENT W/O MCC," 45,690 ",,,,
260,CARDIAC PACEMAKER REVISION EXCEPT DEVICE REPLACEMENT W MCC," 49,162 ",,,,
261,CARDIAC PACEMAKER REVISION EXCEPT DEVICE REPLACEMENT W CC," 42,816 ",,,,
262,CARDIAC PACEMAKER REVISION EXCEPT DEVICE REPLACEMENT W/O CC/MCC," 23,968 ",,,,
263,VEIN LIGATION & STRIPPING," 34,181 ",,,,
264,OTHER CIRCULATORY SYSTEM O.R. PROCEDURES," 82,598 ",,,,
265,AICD LEAD PROCEDURES," 63,289 ",,,,
266,ENDOVASCULAR CARDIAC VALVE REPLACEMENT W MCC," 112,322 ",,,,
267,ENDOVASCULAR CARDIAC VALVE REPLACEMENT W/O MCC," 85,427 ",,,,
268,AORTIC AND HEART ASSIST PROCEDURES EXCEPT PULSATION BALLOON W MCC," 99,000 ",,,,
269,AORTIC AND HEART ASSIST PROCEDURES EXCEPT PULSATION BALLOON W/O MCC," 63,112 ",,,,
270,OTHER MAJOR CARDIOVASCULAR PROCEDURES W MCC," 100,636 ",,,,
271,OTHER MAJOR CARDIOVASCULAR PROCEDURES W CC," 60,599 ",,,,
272,OTHER MAJOR CARDIOVASCULAR PROCEDURES W/O CC/MCC," 94,479 ",,,,
273,PERCUTANEOUS INTRACARDIAC PROCEDURES W MCC," 84,136 ",,,,
274,PERCUTANEOUS INTRACARDIAC PROCEDURES W/O MCC," 69,944 ",,,,
280,"ACUTE MYOCARDIAL INFARCTION, DISCHARGED ALIVE W MCC"," 20,778 ",,,,
281,"ACUTE MYOCARDIAL INFARCTION, DISCHARGED ALIVE W CC"," 14,493 ",,,,
282,"ACUTE MYOCARDIAL INFARCTION, DISCHARGED ALIVE W/O CC/MCC"," 14,918 ",,,,
283,"ACUTE MYOCARDIAL INFARCTION, EXPIRED W MCC"," 32,090 ",,,,
284,"ACUTE MYOCARDIAL INFARCTION, EXPIRED W CC"," 23,557 ",,,,
286,"CIRCULATORY DISORDERS EXCEPT AMI, W CARD CATH W MCC"," 33,237 ",,,,
287,"CIRCULATORY DISORDERS EXCEPT AMI, W CARD CATH W/O MCC"," 19,204 ",,,,
288,ACUTE & SUBACUTE ENDOCARDITIS W MCC," 25,498 ",,,,
289,ACUTE & SUBACUTE ENDOCARDITIS W CC," 11,748 ",,,,
291,HEART FAILURE & SHOCK W MCC," 17,269 ",,,,
292,HEART FAILURE & SHOCK W CC," 11,539 ",,,,
293,HEART FAILURE & SHOCK W/O CC/MCC," 9,717 ",,,,
294,DEEP VEIN THROMBOPHLEBITIS W CC/MCC," 15,057 ",,,,
296,"CARDIAC ARREST, UNEXPLAINED W MCC"," 13,622 ",,,,
298,"CARDIAC ARREST, UNEXPLAINED W/O CC/MCC"," 13,442 ",,,,
299,PERIPHERAL VASCULAR DISORDERS W MCC," 18,131 ",,,,
300,PERIPHERAL VASCULAR DISORDERS W CC," 13,026 ",,,,
301,PERIPHERAL VASCULAR DISORDERS W/O CC/MCC," 10,252 ",,,,
302,ATHEROSCLEROSIS W MCC," 12,254 ",,,,
303,ATHEROSCLEROSIS W/O MCC," 11,067 ",,,,
304,HYPERTENSION W MCC," 12,542 ",,,,
305,HYPERTENSION W/O MCC," 8,800 ",,,,
306,CARDIAC CONGENITAL & VALVULAR DISORDERS W MCC," 9,200 ",,,,
307,CARDIAC CONGENITAL & VALVULAR DISORDERS W/O MCC," 9,938 ",,,,
308,CARDIAC ARRHYTHMIA & CONDUCTION DISORDERS W MCC," 13,205 ",,,,
309,CARDIAC ARRHYTHMIA & CONDUCTION DISORDERS W CC," 10,177 ",,,,
310,CARDIAC ARRHYTHMIA & CONDUCTION DISORDERS W/O CC/MCC," 8,609 ",,,,
311,ANGINA PECTORIS," 12,300 ",,,,
312,SYNCOPE & COLLAPSE," 10,902 ",,,,
313,CHEST PAIN," 9,976 ",,,,
314,OTHER CIRCULATORY SYSTEM DIAGNOSES W MCC," 23,309 ",,,,
315,OTHER CIRCULATORY SYSTEM DIAGNOSES W CC," 12,629 ",,,,
316,OTHER CIRCULATORY SYSTEM DIAGNOSES W/O CC/MCC," 10,350 ",,,,
326,"STOMACH, ESOPHAGEAL & DUODENAL PROC W MCC"," 86,398 ",,,,
327,"STOMACH, ESOPHAGEAL & DUODENAL PROC W CC"," 40,488 ",,,,
328,"STOMACH, ESOPHAGEAL & DUODENAL PROC W/O CC/MCC"," 24,845 ",,,,
329,MAJOR SMALL & LARGE BOWEL PROCEDURES W MCC," 71,185 ",,,,
330,MAJOR SMALL & LARGE BOWEL PROCEDURES W CC," 35,818 ",,,,
331,MAJOR SMALL & LARGE BOWEL PROCEDURES W/O CC/MCC," 26,371 ",,,,
333,RECTAL RESECTION W CC," 26,129 ",,,,
334,RECTAL RESECTION W/O CC/MCC," 31,222 ",,,,
335,PERITONEAL ADHESIOLYSIS W MCC," 61,022 ",,,,
336,PERITONEAL ADHESIOLYSIS W CC," 36,832 ",,,,
337,PERITONEAL ADHESIOLYSIS W/O CC/MCC," 22,161 ",,,,
338,APPENDECTOMY W COMPLICATED PRINCIPAL DIAG W MCC," 19,052 ",,,,
339,APPENDECTOMY W COMPLICATED PRINCIPAL DIAG W CC," 25,245 ",,,,
340,APPENDECTOMY W COMPLICATED PRINCIPAL DIAG W/O CC/MCC," 17,248 ",,,,
341,APPENDECTOMY W/O COMPLICATED PRINCIPAL DIAG W MCC," 18,675 ",,,,
342,APPENDECTOMY W/O COMPLICATED PRINCIPAL DIAG W CC," 16,122 ",,,,
343,APPENDECTOMY W/O COMPLICATED PRINCIPAL DIAG W/O CC/MCC," 15,483 ",,,,
344,MINOR SMALL & LARGE BOWEL PROCEDURES W MCC," 208,945 ",,,,
345,MINOR SMALL & LARGE BOWEL PROCEDURES W CC," 19,239 ",,,,
346,MINOR SMALL & LARGE BOWEL PROCEDURES W/O CC/MCC," 22,773 ",,,,
347,ANAL & STOMAL PROCEDURES W MCC," 59,806 ",,,,
348,ANAL & STOMAL PROCEDURES W CC," 15,116 ",,,,
349,ANAL & STOMAL PROCEDURES W/O CC/MCC," 10,955 ",,,,
350,INGUINAL & FEMORAL HERNIA PROCEDURES W MCC," 49,198 ",,,,
351,INGUINAL & FEMORAL HERNIA PROCEDURES W CC," 18,014 ",,,,
352,INGUINAL & FEMORAL HERNIA PROCEDURES W/O CC/MCC," 14,536 ",,,,
353,HERNIA PROCEDURES EXCEPT INGUINAL & FEMORAL W MCC," 57,988 ",,,,
354,HERNIA PROCEDURES EXCEPT INGUINAL & FEMORAL W CC," 20,247 ",,,,
355,HERNIA PROCEDURES EXCEPT INGUINAL & FEMORAL W/O CC/MCC," 19,274 ",,,,
356,OTHER DIGESTIVE SYSTEM O.R. PROCEDURES W MCC," 89,250 ",,,,
357,OTHER DIGESTIVE SYSTEM O.R. PROCEDURES W CC," 48,480 ",,,,
358,OTHER DIGESTIVE SYSTEM O.R. PROCEDURES W/O CC/MCC," 26,043 ",,,,
368,MAJOR ESOPHAGEAL DISORDERS W MCC," 32,471 ",,,,
369,MAJOR ESOPHAGEAL DISORDERS W CC," 15,852 ",,,,
370,MAJOR ESOPHAGEAL DISORDERS W/O CC/MCC," 10,345 ",,,,
371,MAJOR GASTROINTESTINAL DISORDERS & PERITONEAL INFECTIONS W MCC," 24,079 ",,,,
372,MAJOR GASTROINTESTINAL DISORDERS & PERITONEAL INFECTIONS W CC," 12,575 ",,,,
373,MAJOR GASTROINTESTINAL DISORDERS & PERITONEAL INFECTIONS W/O CC/MCC," 9,659 ",,,,
374,DIGESTIVE MALIGNANCY W MCC," 28,651 ",,,,
375,DIGESTIVE MALIGNANCY W CC," 21,748 ",,,,
376,DIGESTIVE MALIGNANCY W/O CC/MCC," 26,135 ",,,,
377,G.I. HEMORRHAGE W MCC," 33,681 ",,,,
378,G.I. HEMORRHAGE W CC," 16,196 ",,,,
379,G.I. HEMORRHAGE W/O CC/MCC," 11,177 ",,,,
380,COMPLICATED PEPTIC ULCER W MCC," 39,227 ",,,,
381,COMPLICATED PEPTIC ULCER W CC," 19,980 ",,,,
382,COMPLICATED PEPTIC ULCER W/O CC/MCC," 11,917 ",,,,
383,UNCOMPLICATED PEPTIC ULCER W MCC," 11,261 ",,,,
384,UNCOMPLICATED PEPTIC ULCER W/O MCC," 10,793 ",,,,
385,INFLAMMATORY BOWEL DISEASE W MCC," 22,332 ",,,,
386,INFLAMMATORY BOWEL DISEASE W CC," 13,894 ",,,,
387,INFLAMMATORY BOWEL DISEASE W/O CC/MCC," 9,356 ",,,,
388,G.I. OBSTRUCTION W MCC," 15,842 ",,,,
389,G.I. OBSTRUCTION W CC," 10,280 ",,,,
390,G.I. OBSTRUCTION W/O CC/MCC," 9,124 ",,,,
391,"ESOPHAGITIS, GASTROENT & MISC DIGEST DISORDERS W MCC"," 17,097 ",,,,
392,"ESOPHAGITIS, GASTROENT & MISC DIGEST DISORDERS W/O MCC"," 9,935 ",,,,
393,OTHER DIGESTIVE SYSTEM DIAGNOSES W MCC," 18,075 ",,,,
394,OTHER DIGESTIVE SYSTEM DIAGNOSES W CC," 11,752 ",,,,
395,OTHER DIGESTIVE SYSTEM DIAGNOSES W/O CC/MCC," 8,768 ",,,,
405,"PANCREAS, LIVER & SHUNT PROCEDURES W MCC"," 88,681 ",,,,
406,"PANCREAS, LIVER & SHUNT PROCEDURES W CC"," 42,024 ",,,,
407,"PANCREAS, LIVER & SHUNT PROCEDURES W/O CC/MCC"," 41,186 ",,,,
408,BILIARY TRACT PROC EXCEPT ONLY CHOLECYST W OR W/O C.D.E. W MCC," 48,613 ",,,,
409,BILIARY TRACT PROC EXCEPT ONLY CHOLECYST W OR W/O C.D.E. W CC," 28,239 ",,,,
410,BILIARY TRACT PROC EXCEPT ONLY CHOLECYST W OR W/O C.D.E. W/O CC/MCC," 37,736 ",,,,
413,CHOLECYSTECTOMY W C.D.E. W/O CC/MCC," 24,974 ",,,,
414,CHOLECYSTECTOMY EXCEPT BY LAPAROSCOPE W/O C.D.E. W MCC," 36,707 ",,,,
415,CHOLECYSTECTOMY EXCEPT BY LAPAROSCOPE W/O C.D.E. W CC," 24,867 ",,,,
416,CHOLECYSTECTOMY EXCEPT BY LAPAROSCOPE W/O C.D.E. W/O CC/MCC," 20,472 ",,,,
417,LAPAROSCOPIC CHOLECYSTECTOMY W/O C.D.E. W MCC," 29,971 ",,,,
418,LAPAROSCOPIC CHOLECYSTECTOMY W/O C.D.E. W CC," 25,600 ",,,,
419,LAPAROSCOPIC CHOLECYSTECTOMY W/O C.D.E. W/O CC/MCC," 19,507 ",,,,
420,HEPATOBILIARY DIAGNOSTIC PROCEDURES W MCC," 88,870 ",,,,
421,HEPATOBILIARY DIAGNOSTIC PROCEDURES W CC," 21,475 ",,,,
422,HEPATOBILIARY DIAGNOSTIC PROCEDURES W/O CC/MCC," 35,059 ",,,,
424,OTHER HEPATOBILIARY OR PANCREAS O.R. PROCEDURES W CC," 44,898 ",,,,
432,CIRRHOSIS & ALCOHOLIC HEPATITIS W MCC," 40,759 ",,,,
433,CIRRHOSIS & ALCOHOLIC HEPATITIS W CC," 17,966 ",,,,
434,CIRRHOSIS & ALCOHOLIC HEPATITIS W/O CC/MCC," 6,921 ",,,,
435,MALIGNANCY OF HEPATOBILIARY SYSTEM OR PANCREAS W MCC," 30,958 ",,,,
436,MALIGNANCY OF HEPATOBILIARY SYSTEM OR PANCREAS W CC," 22,066 ",,,,
437,MALIGNANCY OF HEPATOBILIARY SYSTEM OR PANCREAS W/O CC/MCC," 19,818 ",,,,
438,DISORDERS OF PANCREAS EXCEPT MALIGNANCY W MCC," 26,382 ",,,,
439,DISORDERS OF PANCREAS EXCEPT MALIGNANCY W CC," 12,140 ",,,,
440,DISORDERS OF PANCREAS EXCEPT MALIGNANCY W/O CC/MCC," 10,549 ",,,,
441,"DISORDERS OF LIVER EXCEPT MALIG,CIRR,ALC HEPA W MCC"," 40,172 ",,,,
442,"DISORDERS OF LIVER EXCEPT MALIG,CIRR,ALC HEPA W CC"," 16,392 ",,,,
443,"DISORDERS OF LIVER EXCEPT MALIG,CIRR,ALC HEPA W/O CC/MCC"," 13,372 ",,,,
444,DISORDERS OF THE BILIARY TRACT W MCC," 24,739 ",,,,
445,DISORDERS OF THE BILIARY TRACT W CC," 17,841 ",,,,
446,DISORDERS OF THE BILIARY TRACT W/O CC/MCC," 14,904 ",,,,
453,COMBINED ANTERIOR/POSTERIOR SPINAL FUSION W MCC," 111,422 ",,,,
454,COMBINED ANTERIOR/POSTERIOR SPINAL FUSION W CC," 86,682 ",,,,
455,COMBINED ANTERIOR/POSTERIOR SPINAL FUSION W/O CC/MCC," 62,137 ",,,,
456,SPINAL FUS EXC CERV W SPINAL CURV/MALIG/INFEC OR EXT FUS W MCC," 134,602 ",,,,
457,SPINAL FUS EXC CERV W SPINAL CURV/MALIG/INFEC OR EXT FUS W CC," 110,427 ",,,,
458,SPINAL FUS EXC CERV W SPINAL CURV/MALIG/INFEC OR EXT FUS W/O CC/MCC," 72,389 ",,,,
459,SPINAL FUSION EXCEPT CERVICAL W MCC," 88,004 ",,,,
460,SPINAL FUSION EXCEPT CERVICAL W/O MCC," 60,381 ",,,,
462,BILATERAL OR MULTIPLE MAJOR JOINT PROCS OF LOWER EXTREMITY W/O MCC," 32,031 ",,,,
463,"WND DEBRID & SKN GRFT EXC HAND, FOR MUSCULO-CONN TISS DIS W MCC"," 75,501 ",,,,
464,"WND DEBRID & SKN GRFT EXC HAND, FOR MUSCULO-CONN TISS DIS W CC"," 38,645 ",,,,
465,"WND DEBRID & SKN GRFT EXC HAND, FOR MUSCULO-CONN TISS DIS W/O CC/MCC"," 27,150 ",,,,
466,REVISION OF HIP OR KNEE REPLACEMENT W MCC," 68,528 ",,,,
467,REVISION OF HIP OR KNEE REPLACEMENT W CC," 47,964 ",,,,
468,REVISION OF HIP OR KNEE REPLACEMENT W/O CC/MCC," 36,653 ",,,,
469,MAJOR HIP AND KNEE JOINT REPLACEMENT OR REATTACHMENT OF LOWER EXTREMITY W MCC OR TOTAL ANKLE REPLACEMENT," 42,561 ",,,,
470,MAJOR HIP AND KNEE JOINT REPLACEMENT OR REATTACHMENT OF LOWER EXTREMITY W/O MCC," 23,642 ",,,,
471,CERVICAL SPINAL FUSION W MCC," 41,414 ",,,,
472,CERVICAL SPINAL FUSION W CC," 35,564 ",,,,
473,CERVICAL SPINAL FUSION W/O CC/MCC," 28,068 ",,,,
474,AMPUTATION FOR MUSCULOSKELETAL SYS & CONN TISSUE DIS W MCC," 39,419 ",,,,
475,AMPUTATION FOR MUSCULOSKELETAL SYS & CONN TISSUE DIS W CC," 20,661 ",,,,
477,BIOPSIES OF MUSCULOSKELETAL SYSTEM & CONNECTIVE TISSUE W MCC," 50,581 ",,,,
478,BIOPSIES OF MUSCULOSKELETAL SYSTEM & CONNECTIVE TISSUE W CC," 36,054 ",,,,
479,BIOPSIES OF MUSCULOSKELETAL SYSTEM & CONNECTIVE TISSUE W/O CC/MCC," 41,067 ",,,,
480,HIP & FEMUR PROCEDURES EXCEPT MAJOR JOINT W MCC," 40,857 ",,,,
481,HIP & FEMUR PROCEDURES EXCEPT MAJOR JOINT W CC," 32,944 ",,,,
482,HIP & FEMUR PROCEDURES EXCEPT MAJOR JOINT W/O CC/MCC," 24,820 ",,,,
483,MAJOR JOINT/LIMB REATTACHMENT PROCEDURE OF UPPER EXTREMITIES," 31,911 ",,,,
485,KNEE PROCEDURES W PDX OF INFECTION W MCC," 38,492 ",,,,
486,KNEE PROCEDURES W PDX OF INFECTION W CC," 26,608 ",,,,
488,KNEE PROCEDURES W/O PDX OF INFECTION W CC/MCC," 34,879 ",,,,
489,KNEE PROCEDURES W/O PDX OF INFECTION W/O CC/MCC," 18,924 ",,,,
492,"LOWER EXTREM & HUMER PROC EXCEPT HIP,FOOT,FEMUR W MCC"," 47,156 ",,,,
493,"LOWER EXTREM & HUMER PROC EXCEPT HIP,FOOT,FEMUR W CC"," 28,691 ",,,,
494,"LOWER EXTREM & HUMER PROC EXCEPT HIP,FOOT,FEMUR W/O CC/MCC"," 24,403 ",,,,
495,LOCAL EXCISION & REMOVAL INT FIX DEVICES EXC HIP & FEMUR W MCC," 53,429 ",,,,
496,LOCAL EXCISION & REMOVAL INT FIX DEVICES EXC HIP & FEMUR W CC," 13,376 ",,,,
497,LOCAL EXCISION & REMOVAL INT FIX DEVICES EXC HIP & FEMUR W/O CC/MCC," 14,093 ",,,,
498,LOCAL EXCISION & REMOVAL INT FIX DEVICES OF HIP & FEMUR W CC/MCC," 59,557 ",,,,
499,LOCAL EXCISION & REMOVAL INT FIX DEVICES OF HIP & FEMUR W/O CC/MCC," 18,076 ",,,,
500,SOFT TISSUE PROCEDURES W MCC," 34,006 ",,,,
501,SOFT TISSUE PROCEDURES W CC," 21,828 ",,,,
502,SOFT TISSUE PROCEDURES W/O CC/MCC," 17,398 ",,,,
503,FOOT PROCEDURES W MCC," 28,920 ",,,,
504,FOOT PROCEDURES W CC," 25,083 ",,,,
505,FOOT PROCEDURES W/O CC/MCC," 22,411 ",,,,
507,MAJOR SHOULDER OR ELBOW JOINT PROCEDURES W CC/MCC," 27,006 ",,,,
508,MAJOR SHOULDER OR ELBOW JOINT PROCEDURES W/O CC/MCC," 39,293 ",,,,
510,"SHOULDER,ELBOW OR FOREARM PROC,EXC MAJOR JOINT PROC W MCC"," 27,944 ",,,,
511,"SHOULDER,ELBOW OR FOREARM PROC,EXC MAJOR JOINT PROC W CC"," 24,739 ",,,,
512,"SHOULDER,ELBOW OR FOREARM PROC,EXC MAJOR JOINT PROC W/O CC/MCC"," 19,558 ",,,,
513,"HAND OR WRIST PROC, EXCEPT MAJOR THUMB OR JOINT PROC W CC/MCC"," 18,994 ",,,,
514,"HAND OR WRIST PROC, EXCEPT MAJOR THUMB OR JOINT PROC W/O CC/MCC"," 10,503 ",,,,
515,OTHER MUSCULOSKELET SYS & CONN TISS O.R. PROC W MCC," 54,144 ",,,,
516,OTHER MUSCULOSKELET SYS & CONN TISS O.R. PROC W CC," 43,332 ",,,,
517,OTHER MUSCULOSKELET SYS & CONN TISS O.R. PROC W/O CC/MCC," 28,649 ",,,,
518,BACK & NECK PROC EXC SPINAL FUSION W MCC OR DISC DEVICE/NEUROSTIM," 27,852 ",,,,
519,BACK & NECK PROC EXC SPINAL FUSION W CC," 25,289 ",,,,
520,BACK & NECK PROC EXC SPINAL FUSION W/O CC/MCC," 21,676 ",,,,
533,FRACTURES OF FEMUR W MCC," 19,015 ",,,,
534,FRACTURES OF FEMUR W/O MCC," 12,012 ",,,,
535,FRACTURES OF HIP & PELVIS W MCC," 13,829 ",,,,
536,FRACTURES OF HIP & PELVIS W/O MCC," 11,314 ",,,,
537,"SPRAINS, STRAINS, & DISLOCATIONS OF HIP, PELVIS & THIGH W CC/MCC"," 9,689 ",,,,
539,OSTEOMYELITIS W MCC," 19,269 ",,,,
540,OSTEOMYELITIS W CC," 12,983 ",,,,
541,OSTEOMYELITIS W/O CC/MCC," 12,122 ",,,,
542,PATHOLOGICAL FRACTURES & MUSCULOSKELET & CONN TISS MALIG W MCC," 27,005 ",,,,
543,PATHOLOGICAL FRACTURES & MUSCULOSKELET & CONN TISS MALIG W CC," 15,273 ",,,,
544,PATHOLOGICAL FRACTURES & MUSCULOSKELET & CONN TISS MALIG W/O CC/MCC," 10,749 ",,,,
545,CONNECTIVE TISSUE DISORDERS W MCC," 28,329 ",,,,
546,CONNECTIVE TISSUE DISORDERS W CC," 12,635 ",,,,
547,CONNECTIVE TISSUE DISORDERS W/O CC/MCC," 21,790 ",,,,
548,SEPTIC ARTHRITIS W MCC," 17,797 ",,,,
549,SEPTIC ARTHRITIS W CC," 15,403 ",,,,
550,SEPTIC ARTHRITIS W/O CC/MCC," 17,097 ",,,,
551,MEDICAL BACK PROBLEMS W MCC," 20,503 ",,,,
552,MEDICAL BACK PROBLEMS W/O MCC," 12,918 ",,,,
553,BONE DISEASES & ARTHROPATHIES W MCC," 14,553 ",,,,
554,BONE DISEASES & ARTHROPATHIES W/O MCC," 11,242 ",,,,
555,SIGNS & SYMPTOMS OF MUSCULOSKELETAL SYSTEM & CONN TISSUE W MCC," 18,441 ",,,,
556,SIGNS & SYMPTOMS OF MUSCULOSKELETAL SYSTEM & CONN TISSUE W/O MCC," 12,494 ",,,,
557,"TENDONITIS, MYOSITIS & BURSITIS W MCC"," 22,551 ",,,,
558,"TENDONITIS, MYOSITIS & BURSITIS W/O MCC"," 9,205 ",,,,
559,"AFTERCARE, MUSCULOSKELETAL SYSTEM & CONNECTIVE TISSUE W MCC"," 26,882 ",,,,
560,"AFTERCARE, MUSCULOSKELETAL SYSTEM & CONNECTIVE TISSUE W CC"," 11,785 ",,,,
561,"AFTERCARE, MUSCULOSKELETAL SYSTEM & CONNECTIVE TISSUE W/O CC/MCC"," 10,272 ",,,,
562,"FX, SPRN, STRN & DISL EXCEPT FEMUR, HIP, PELVIS & THIGH W MCC"," 16,723 ",,,,
563,"FX, SPRN, STRN & DISL EXCEPT FEMUR, HIP, PELVIS & THIGH W/O MCC"," 12,439 ",,,,
564,OTHER MUSCULOSKELETAL SYS & CONNECTIVE TISSUE DIAGNOSES W MCC," 15,196 ",,,,
565,OTHER MUSCULOSKELETAL SYS & CONNECTIVE TISSUE DIAGNOSES W CC," 13,109 ",,,,
566,OTHER MUSCULOSKELETAL SYS & CONNECTIVE TISSUE DIAGNOSES W/O CC/MCC," 11,029 ",,,,
570,SKIN DEBRIDEMENT W MCC," 39,343 ",,,,
571,SKIN DEBRIDEMENT W CC," 17,904 ",,,,
572,SKIN DEBRIDEMENT W/O CC/MCC," 10,712 ",,,,
576,SKIN GRAFT EXC FOR SKIN ULCER OR CELLULITIS W MCC," 152,758 ",,,,
577,SKIN GRAFT EXC FOR SKIN ULCER OR CELLULITIS W CC," 29,675 ",,,,
578,SKIN GRAFT EXC FOR SKIN ULCER OR CELLULITIS W/O CC/MCC," 30,628 ",,,,
579,"OTHER SKIN, SUBCUT TISS & BREAST PROC W MCC"," 23,610 ",,,,
580,"OTHER SKIN, SUBCUT TISS & BREAST PROC W CC"," 21,384 ",,,,
581,"OTHER SKIN, SUBCUT TISS & BREAST PROC W/O CC/MCC"," 24,255 ",,,,
582,MASTECTOMY FOR MALIGNANCY W CC/MCC," 29,793 ",,,,
583,MASTECTOMY FOR MALIGNANCY W/O CC/MCC," 19,559 ",,,,
584,"BREAST BIOPSY, LOCAL EXCISION & OTHER BREAST PROCEDURES W CC/MCC"," 28,291 ",,,,
585,"BREAST BIOPSY, LOCAL EXCISION & OTHER BREAST PROCEDURES W/O CC/MCC"," 20,745 ",,,,
592,SKIN ULCERS W MCC," 12,281 ",,,,
593,SKIN ULCERS W CC," 15,212 ",,,,
595,MAJOR SKIN DISORDERS W MCC," 7,114 ",,,,
596,MAJOR SKIN DISORDERS W/O MCC," 4,633 ",,,,
597,MALIGNANT BREAST DISORDERS W MCC," 45,097 ",,,,
598,MALIGNANT BREAST DISORDERS W CC," 9,529 ",,,,
601,NON-MALIGNANT BREAST DISORDERS W/O CC/MCC," 4,154 ",,,,
602,CELLULITIS W MCC," 12,294 ",,,,
603,CELLULITIS W/O MCC," 8,913 ",,,,
604,"TRAUMA TO THE SKIN, SUBCUT TISS & BREAST W MCC"," 23,520 ",,,,
605,"TRAUMA TO THE SKIN, SUBCUT TISS & BREAST W/O MCC"," 13,422 ",,,,
606,MINOR SKIN DISORDERS W MCC," 25,813 ",,,,
607,MINOR SKIN DISORDERS W/O MCC," 10,206 ",,,,
614,ADRENAL & PITUITARY PROCEDURES W CC/MCC," 27,388 ",,,,
615,ADRENAL & PITUITARY PROCEDURES W/O CC/MCC," 23,833 ",,,,
616,"AMPUTAT OF LOWER LIMB FOR ENDOCRINE,NUTRIT,& METABOL DIS W MCC"," 43,964 ",,,,
617,"AMPUTAT OF LOWER LIMB FOR ENDOCRINE,NUTRIT,& METABOL DIS W CC"," 22,252 ",,,,
619,O.R. PROCEDURES FOR OBESITY W MCC," 62,267 ",,,,
620,O.R. PROCEDURES FOR OBESITY W CC," 21,795 ",,,,
621,O.R. PROCEDURES FOR OBESITY W/O CC/MCC," 18,776 ",,,,
622,"SKIN GRAFTS & WOUND DEBRID FOR ENDOC, NUTRIT & METAB DIS W MCC"," 36,505 ",,,,
623,"SKIN GRAFTS & WOUND DEBRID FOR ENDOC, NUTRIT & METAB DIS W CC"," 18,968 ",,,,
625,"THYROID, PARATHYROID & THYROGLOSSAL PROCEDURES W MCC"," 35,759 ",,,,
626,"THYROID, PARATHYROID & THYROGLOSSAL PROCEDURES W CC"," 23,166 ",,,,
627,"THYROID, PARATHYROID & THYROGLOSSAL PROCEDURES W/O CC/MCC"," 18,258 ",,,,
628,"OTHER ENDOCRINE, NUTRIT & METAB O.R. PROC W MCC"," 67,362 ",,,,
629,"OTHER ENDOCRINE, NUTRIT & METAB O.R. PROC W CC"," 27,330 ",,,,
630,"OTHER ENDOCRINE, NUTRIT & METAB O.R. PROC W/O CC/MCC"," 17,776 ",,,,
637,DIABETES W MCC," 24,089 ",,,,
638,DIABETES W CC," 10,432 ",,,,
639,DIABETES W/O CC/MCC," 8,824 ",,,,
640,"MISC DISORDERS OF NUTRITION,METABOLISM,FLUIDS/ELECTROLYTES W MCC"," 13,557 ",,,,
641,"MISC DISORDERS OF NUTRITION,METABOLISM,FLUIDS/ELECTROLYTES W/O MCC"," 9,844 ",,,,
642,INBORN AND OTHER DISORDERS OF METABOLISM," 43,852 ",,,,
643,ENDOCRINE DISORDERS W MCC," 19,579 ",,,,
644,ENDOCRINE DISORDERS W CC," 11,731 ",,,,
645,ENDOCRINE DISORDERS W/O CC/MCC," 7,620 ",,,,
652,KIDNEY TRANSPLANT," 137,803 ",,,,
653,MAJOR BLADDER PROCEDURES W MCC," 72,540 ",,,,
654,MAJOR BLADDER PROCEDURES W CC," 49,800 ",,,,
655,MAJOR BLADDER PROCEDURES W/O CC/MCC," 44,795 ",,,,
656,KIDNEY & URETER PROCEDURES FOR NEOPLASM W MCC," 51,428 ",,,,
657,KIDNEY & URETER PROCEDURES FOR NEOPLASM W CC," 31,043 ",,,,
658,KIDNEY & URETER PROCEDURES FOR NEOPLASM W/O CC/MCC," 27,191 ",,,,
659,KIDNEY & URETER PROCEDURES FOR NON-NEOPLASM W MCC," 59,085 ",,,,
660,KIDNEY & URETER PROCEDURES FOR NON-NEOPLASM W CC," 30,791 ",,,,
661,KIDNEY & URETER PROCEDURES FOR NON-NEOPLASM W/O CC/MCC," 26,481 ",,,,
662,MINOR BLADDER PROCEDURES W MCC," 10,320 ",,,,
663,MINOR BLADDER PROCEDURES W CC," 16,716 ",,,,
664,MINOR BLADDER PROCEDURES W/O CC/MCC," 28,091 ",,,,
667,PROSTATECTOMY W/O CC/MCC," 27,068 ",,,,
668,TRANSURETHRAL PROCEDURES W MCC," 52,435 ",,,,
669,TRANSURETHRAL PROCEDURES W CC," 23,117 ",,,,
670,TRANSURETHRAL PROCEDURES W/O CC/MCC," 19,423 ",,,,
671,URETHRAL PROCEDURES W CC/MCC," 25,555 ",,,,
672,URETHRAL PROCEDURES W/O CC/MCC," 20,416 ",,,,
673,OTHER KIDNEY & URINARY TRACT PROCEDURES W MCC," 63,071 ",,,,
674,OTHER KIDNEY & URINARY TRACT PROCEDURES W CC," 35,767 ",,,,
675,OTHER KIDNEY & URINARY TRACT PROCEDURES W/O CC/MCC," 32,445 ",,,,
682,RENAL FAILURE W MCC," 20,956 ",,,,
683,RENAL FAILURE W CC," 11,308 ",,,,
684,RENAL FAILURE W/O CC/MCC," 7,729 ",,,,
686,KIDNEY & URINARY TRACT NEOPLASMS W MCC," 25,617 ",,,,
687,KIDNEY & URINARY TRACT NEOPLASMS W CC," 13,097 ",,,,
688,KIDNEY & URINARY TRACT NEOPLASMS W/O CC/MCC," 8,710 ",,,,
689,KIDNEY & URINARY TRACT INFECTIONS W MCC," 12,364 ",,,,
690,KIDNEY & URINARY TRACT INFECTIONS W/O MCC," 10,103 ",,,,
693,URINARY STONES W/O ESW LITHOTRIPSY W MCC," 13,887 ",,,,
694,URINARY STONES W/O ESW LITHOTRIPSY W/O MCC," 13,191 ",,,,
695,KIDNEY & URINARY TRACT SIGNS & SYMPTOMS W MCC," 8,465 ",,,,
696,KIDNEY & URINARY TRACT SIGNS & SYMPTOMS W/O MCC," 7,010 ",,,,
697,URETHRAL STRICTURE," 7,994 ",,,,
698,OTHER KIDNEY & URINARY TRACT DIAGNOSES W MCC," 21,199 ",,,,
699,OTHER KIDNEY & URINARY TRACT DIAGNOSES W CC," 13,550 ",,,,
700,OTHER KIDNEY & URINARY TRACT DIAGNOSES W/O CC/MCC," 8,589 ",,,,
707,MAJOR MALE PELVIC PROCEDURES W CC/MCC," 29,265 ",,,,
708,MAJOR MALE PELVIC PROCEDURES W/O CC/MCC," 24,912 ",,,,
709,PENIS PROCEDURES W CC/MCC," 24,694 ",,,,
710,PENIS PROCEDURES W/O CC/MCC," 26,583 ",,,,
711,TESTES PROCEDURES W CC/MCC," 15,070 ",,,,
713,TRANSURETHRAL PROSTATECTOMY W CC/MCC," 11,530 ",,,,
715,OTHER MALE REPRODUCTIVE SYSTEM O.R. PROC FOR MALIGNANCY W CC/MCC," 45,425 ",,,,
717,OTHER MALE REPRODUCTIVE SYSTEM O.R. PROC EXC MALIGNANCY W CC/MCC," 27,773 ",,,,
722,"MALIGNANCY, MALE REPRODUCTIVE SYSTEM W MCC"," 12,500 ",,,,
726,BENIGN PROSTATIC HYPERTROPHY W/O MCC," 12,333 ",,,,
727,INFLAMMATION OF THE MALE REPRODUCTIVE SYSTEM W MCC," 11,288 ",,,,
728,INFLAMMATION OF THE MALE REPRODUCTIVE SYSTEM W/O MCC," 10,543 ",,,,
729,OTHER MALE REPRODUCTIVE SYSTEM DIAGNOSES W CC/MCC," 10,587 ",,,,
734,"PELVIC EVISCERATION, RAD HYSTERECTOMY & RAD VULVECTOMY W CC/MCC"," 51,882 ",,,,
735,"PELVIC EVISCERATION, RAD HYSTERECTOMY & RAD VULVECTOMY W/O CC/MCC"," 27,153 ",,,,
736,UTERINE & ADNEXA PROC FOR OVARIAN OR ADNEXAL MALIGNANCY W MCC," 37,172 ",,,,
737,UTERINE & ADNEXA PROC FOR OVARIAN OR ADNEXAL MALIGNANCY W CC," 34,250 ",,,,
738,UTERINE & ADNEXA PROC FOR OVARIAN OR ADNEXAL MALIGNANCY W/O CC/MCC," 26,995 ",,,,
739,"UTERINE,ADNEXA PROC FOR NON-OVARIAN/ADNEXAL MALIG W MCC"," 35,631 ",,,,
740,"UTERINE,ADNEXA PROC FOR NON-OVARIAN/ADNEXAL MALIG W CC"," 30,112 ",,,,
741,"UTERINE,ADNEXA PROC FOR NON-OVARIAN/ADNEXAL MALIG W/O CC/MCC"," 25,641 ",,,,
742,UTERINE & ADNEXA PROC FOR NON-MALIGNANCY W CC/MCC," 30,840 ",,,,
743,UTERINE & ADNEXA PROC FOR NON-MALIGNANCY W/O CC/MCC," 21,432 ",,,,
744,"D&C, CONIZATION, LAPAROSCOPY & TUBAL INTERRUPTION W CC/MCC"," 23,480 ",,,,
745,"D&C, CONIZATION, LAPAROSCOPY & TUBAL INTERRUPTION W/O CC/MCC"," 13,799 ",,,,
746,"VAGINA, CERVIX & VULVA PROCEDURES W CC/MCC"," 35,719 ",,,,
747,"VAGINA, CERVIX & VULVA PROCEDURES W/O CC/MCC"," 13,764 ",,,,
748,FEMALE REPRODUCTIVE SYSTEM RECONSTRUCTIVE PROCEDURES," 26,187 ",,,,
749,OTHER FEMALE REPRODUCTIVE SYSTEM O.R. PROCEDURES W CC/MCC," 28,151 ",,,,
750,OTHER FEMALE REPRODUCTIVE SYSTEM O.R. PROCEDURES W/O CC/MCC," 33,223 ",,,,
754,"MALIGNANCY, FEMALE REPRODUCTIVE SYSTEM W MCC"," 40,338 ",,,,
755,"MALIGNANCY, FEMALE REPRODUCTIVE SYSTEM W CC"," 13,898 ",,,,
757,"INFECTIONS, FEMALE REPRODUCTIVE SYSTEM W MCC"," 9,825 ",,,,
758,"INFECTIONS, FEMALE REPRODUCTIVE SYSTEM W CC"," 13,834 ",,,,
759,"INFECTIONS, FEMALE REPRODUCTIVE SYSTEM W/O CC/MCC"," 17,856 ",,,,
760,MENSTRUAL & OTHER FEMALE REPRODUCTIVE SYSTEM DISORDERS W CC/MCC," 13,230 ",,,,
761,MENSTRUAL & OTHER FEMALE REPRODUCTIVE SYSTEM DISORDERS W/O CC/MCC," 18,905 ",,,,
776,POSTPARTUM & POST ABORTION DIAGNOSES W/O O.R. PROCEDURE," 23,170 ",,,,
781,OTHER ANTEPARTUM DIAGNOSES W MEDICAL COMPLICATIONS," 23,315 ",,,,
799,SPLENECTOMY W MCC," 65,358 ",,,,
800,SPLENECTOMY W CC," 61,274 ",,,,
801,SPLENECTOMY W/O CC/MCC," 34,485 ",,,,
803,OTHER O.R. PROC OF THE BLOOD & BLOOD FORMING ORGANS W CC," 23,734 ",,,,
804,OTHER O.R. PROC OF THE BLOOD & BLOOD FORMING ORGANS W/O CC/MCC," 24,781 ",,,,
808,MAJOR HEMATOL/IMMUN DIAG EXC SICKLE CELL CRISIS & COAGUL W MCC," 39,809 ",,,,
809,MAJOR HEMATOL/IMMUN DIAG EXC SICKLE CELL CRISIS & COAGUL W CC," 23,687 ",,,,
810,MAJOR HEMATOL/IMMUN DIAG EXC SICKLE CELL CRISIS & COAGUL W/O CC/MCC," 8,940 ",,,,
811,RED BLOOD CELL DISORDERS W MCC," 19,433 ",,,,
812,RED BLOOD CELL DISORDERS W/O MCC," 17,098 ",,,,
813,COAGULATION DISORDERS," 28,654 ",,,,
814,RETICULOENDOTHELIAL & IMMUNITY DISORDERS W MCC," 44,126 ",,,,
815,RETICULOENDOTHELIAL & IMMUNITY DISORDERS W CC," 20,204 ",,,,
816,RETICULOENDOTHELIAL & IMMUNITY DISORDERS W/O CC/MCC," 22,206 ",,,,
820,LYMPHOMA & LEUKEMIA W MAJOR O.R. PROCEDURE W MCC," 211,103 ",,,,
821,LYMPHOMA & LEUKEMIA W MAJOR O.R. PROCEDURE W CC," 29,020 ",,,,
822,LYMPHOMA & LEUKEMIA W MAJOR O.R. PROCEDURE W/O CC/MCC," 22,792 ",,,,
823,LYMPHOMA & NON-ACUTE LEUKEMIA W OTHER PROC W MCC," 54,056 ",,,,
824,LYMPHOMA & NON-ACUTE LEUKEMIA W OTHER PROC W CC," 42,387 ",,,,
825,LYMPHOMA & NON-ACUTE LEUKEMIA W OTHER PROC W/O CC/MCC," 26,702 ",,,,
826,MYELOPROLIF DISORD OR POORLY DIFF NEOPL W MAJ O.R. PROC W MCC," 40,382 ",,,,
827,MYELOPROLIF DISORD OR POORLY DIFF NEOPL W MAJ O.R. PROC W CC," 45,355 ",,,,
828,MYELOPROLIF DISORD OR POORLY DIFF NEOPL W MAJ O.R. PROC W/O CC/MCC," 20,343 ",,,,
829,MYELOPROLIFERATIVE DISORDERS OR POORLY DIFFERENTIATED NEOPLASMS W OTHER  PROCEDURE W CC/MCC," 133,724 ",,,,
830,MYELOPROLIFERATIVE DISORDERS OR POORLY DIFFERENTIATED NEOPLASMS W OTHER  PROCEDURE W/O CC/MCC," 25,822 ",,,,
834,ACUTE LEUKEMIA W/O MAJOR O.R. PROCEDURE W MCC," 85,874 ",,,,
835,ACUTE LEUKEMIA W/O MAJOR O.R. PROCEDURE W CC," 23,501 ",,,,
836,ACUTE LEUKEMIA W/O MAJOR O.R. PROCEDURE W/O CC/MCC," 5,610 ",,,,
837,CHEMO W ACUTE LEUKEMIA AS SDX OR W HIGH DOSE CHEMO AGENT W MCC," 162,444 ",,,,
838,CHEMO W ACUTE LEUKEMIA AS SDX W CC OR HIGH DOSE CHEMO AGENT," 6,666 ",,,,
839,CHEMO W ACUTE LEUKEMIA AS SDX W/O CC/MCC," 7,614 ",,,,
840,LYMPHOMA & NON-ACUTE LEUKEMIA W MCC," 54,422 ",,,,
841,LYMPHOMA & NON-ACUTE LEUKEMIA W CC," 29,215 ",,,,
842,LYMPHOMA & NON-ACUTE LEUKEMIA W/O CC/MCC," 22,956 ",,,,
843,OTHER MYELOPROLIF DIS OR POORLY DIFF NEOPL DIAG W MCC," 18,254 ",,,,
844,OTHER MYELOPROLIF DIS OR POORLY DIFF NEOPL DIAG W CC," 20,253 ",,,,
845,OTHER MYELOPROLIF DIS OR POORLY DIFF NEOPL DIAG W/O CC/MCC," 7,290 ",,,,
846,CHEMOTHERAPY W/O ACUTE LEUKEMIA AS SECONDARY DIAGNOSIS W MCC," 51,977 ",,,,
847,CHEMOTHERAPY W/O ACUTE LEUKEMIA AS SECONDARY DIAGNOSIS W CC," 26,922 ",,,,
849,RADIOTHERAPY," 24,124 ",,,,
853,INFECTIOUS & PARASITIC DISEASES W O.R. PROCEDURE W MCC," 86,774 ",,,,
854,INFECTIOUS & PARASITIC DISEASES W O.R. PROCEDURE W CC," 30,404 ",,,,
856,POSTOPERATIVE OR POST-TRAUMATIC INFECTIONS W O.R. PROC W MCC," 67,762 ",,,,
857,POSTOPERATIVE OR POST-TRAUMATIC INFECTIONS W O.R. PROC W CC," 22,081 ",,,,
858,POSTOPERATIVE OR POST-TRAUMATIC INFECTIONS W O.R. PROC W/O CC/MCC," 13,143 ",,,,
862,POSTOPERATIVE & POST-TRAUMATIC INFECTIONS W MCC," 19,930 ",,,,
863,POSTOPERATIVE & POST-TRAUMATIC INFECTIONS W/O MCC," 10,340 ",,,,
864,FEVER," 10,627 ",,,,
865,VIRAL ILLNESS W MCC," 10,331 ",,,,
866,VIRAL ILLNESS W/O MCC," 9,945 ",,,,
867,OTHER INFECTIOUS & PARASITIC DISEASES DIAGNOSES W MCC," 48,471 ",,,,
868,OTHER INFECTIOUS & PARASITIC DISEASES DIAGNOSES W CC," 9,147 ",,,,
869,OTHER INFECTIOUS & PARASITIC DISEASES DIAGNOSES W/O CC/MCC," 12,124 ",,,,
870,SEPTICEMIA OR SEVERE SEPSIS W MV >96 HOURS," 93,912 ",,,,
871,SEPTICEMIA OR SEVERE SEPSIS W/O MV >96 HOURS W MCC," 24,303 ",,,,
872,SEPTICEMIA OR SEVERE SEPSIS W/O MV >96 HOURS W/O MCC," 13,121 ",,,,
876,O.R. PROCEDURE W PRINCIPAL DIAGNOSES OF MENTAL ILLNESS," 56,186 ",,,,
880,ACUTE ADJUSTMENT REACTION & PSYCHOSOCIAL DYSFUNCTION," 13,068 ",,,,
881,DEPRESSIVE NEUROSES," 9,328 ",,,,
882,NEUROSES EXCEPT DEPRESSIVE," 11,633 ",,,,
883,DISORDERS OF PERSONALITY & IMPULSE CONTROL," 6,038 ",,,,
884,ORGANIC DISTURBANCES & INTELLECTUAL DISABILITY," 13,855 ",,,,
885,PSYCHOSES," 15,557 ",,,,
886,BEHAVIORAL & DEVELOPMENTAL DISORDERS," 22,592 ",,,,
887,OTHER MENTAL DISORDER DIAGNOSES," 35,074 ",,,,
894,"ALCOHOL/DRUG ABUSE OR DEPENDENCE, LEFT AMA"," 10,011 ",,,,
896,ALCOHOL/DRUG ABUSE OR DEPENDENCE W/O REHABILITATION THERAPY W MCC," 20,145 ",,,,
897,ALCOHOL/DRUG ABUSE OR DEPENDENCE W/O REHABILITATION THERAPY W/O MCC," 10,757 ",,,,
901,WOUND DEBRIDEMENTS FOR INJURIES W MCC," 37,827 ",,,,
902,WOUND DEBRIDEMENTS FOR INJURIES W CC," 20,307 ",,,,
904,SKIN GRAFTS FOR INJURIES W CC/MCC," 111,814 ",,,,
905,SKIN GRAFTS FOR INJURIES W/O CC/MCC," 16,132 ",,,,
906,HAND PROCEDURES FOR INJURIES," 38,071 ",,,,
907,OTHER O.R. PROCEDURES FOR INJURIES W MCC," 68,637 ",,,,
908,OTHER O.R. PROCEDURES FOR INJURIES W CC," 34,878 ",,,,
909,OTHER O.R. PROCEDURES FOR INJURIES W/O CC/MCC," 21,117 ",,,,
913,TRAUMATIC INJURY W MCC," 6,602 ",,,,
914,TRAUMATIC INJURY W/O MCC," 7,772 ",,,,
915,ALLERGIC REACTIONS W MCC," 16,767 ",,,,
916,ALLERGIC REACTIONS W/O MCC," 8,021 ",,,,
917,POISONING & TOXIC EFFECTS OF DRUGS W MCC," 19,620 ",,,,
918,POISONING & TOXIC EFFECTS OF DRUGS W/O MCC," 9,814 ",,,,
919,COMPLICATIONS OF TREATMENT W MCC," 34,964 ",,,,
920,COMPLICATIONS OF TREATMENT W CC," 15,944 ",,,,
921,COMPLICATIONS OF TREATMENT W/O CC/MCC," 10,044 ",,,,
922,"OTHER INJURY, POISONING & TOXIC EFFECT DIAG W MCC"," 24,503 ",,,,
923,"OTHER INJURY, POISONING & TOXIC EFFECT DIAG W/O MCC"," 8,887 ",,,,
934,FULL THICKNESS BURN W/O SKIN GRFT OR INHAL INJ," 6,427 ",,,,
935,NON-EXTENSIVE BURNS," 9,166 ",,,,
939,O.R. PROC W DIAGNOSES OF OTHER CONTACT W HEALTH SERVICES W MCC," 51,239 ",,,,
941,O.R. PROC W DIAGNOSES OF OTHER CONTACT W HEALTH SERVICES W/O CC/MCC," 14,928 ",,,,
947,SIGNS & SYMPTOMS W MCC," 18,060 ",,,,
948,SIGNS & SYMPTOMS W/O MCC," 13,420 ",,,,
949,AFTERCARE W CC/MCC," 20,994 ",,,,
950,AFTERCARE W/O CC/MCC," 4,701 ",,,,
956,"LIMB REATTACHMENT, HIP & FEMUR PROC FOR MULTIPLE SIGNIFICANT TRAUMA"," 64,049 ",,,,
957,OTHER O.R. PROCEDURES FOR MULTIPLE SIGNIFICANT TRAUMA W MCC," 122,686 ",,,,
958,OTHER O.R. PROCEDURES FOR MULTIPLE SIGNIFICANT TRAUMA W CC," 48,471 ",,,,
959,OTHER O.R. PROCEDURES FOR MULTIPLE SIGNIFICANT TRAUMA W/O CC/MCC," 69,213 ",,,,
963,OTHER MULTIPLE SIGNIFICANT TRAUMA W MCC," 43,727 ",,,,
964,OTHER MULTIPLE SIGNIFICANT TRAUMA W CC," 21,342 ",,,,
965,OTHER MULTIPLE SIGNIFICANT TRAUMA W/O CC/MCC," 12,973 ",,,,
974,HIV W MAJOR RELATED CONDITION W MCC," 32,592 ",,,,
975,HIV W MAJOR RELATED CONDITION W CC," 13,255 ",,,,
977,HIV W OR W/O OTHER RELATED CONDITION," 11,522 ",,,,
981,EXTENSIVE O.R. PROCEDURE UNRELATED TO PRINCIPAL DIAGNOSIS W MCC," 75,158 ",,,,
982,EXTENSIVE O.R. PROCEDURE UNRELATED TO PRINCIPAL DIAGNOSIS W CC," 36,790 ",,,,
983,EXTENSIVE O.R. PROCEDURE UNRELATED TO PRINCIPAL DIAGNOSIS W/O CC/MCC," 21,001 ",,,,
987,NON-EXTENSIVE O.R. PROC UNRELATED TO PRINCIPAL DIAGNOSIS W MCC," 54,598 ",,,,
988,NON-EXTENSIVE O.R. PROC UNRELATED TO PRINCIPAL DIAGNOSIS W CC," 29,512 ",,,,
989,NON-EXTENSIVE O.R. PROC UNRELATED TO PRINCIPAL DIAGNOSIS W/O CC/MCC," 28,745 ",,,,
,,,,,,
