Diagnosis Related Group (DRG),DRG Description,Median Charge for Total Case (CY 2017)
3,"ECMO OR TRACH W MV >96 HRS OR PDX EXC FACE,MOUTH & NECK W MAJ O.R.","$204,003.48 "
4,"TRACH W MV >96 HRS OR PDX EXC FACE,MOUTH & NECK W/O MAJ O.R.","$218,226.12 "
11,"TRACHEOSTOMY FOR FACE,MOUTH & NECK DIAGNOSES W MCC","$134,352.72 "
12,"TRACHEOSTOMY FOR FACE,MOUTH & NECK DIAGNOSES W CC","$109,893.06 "
13,"TRACHEOSTOMY FOR FACE,MOUTH & NECK DIAGNOSES W/O CC/MCC","$98,296.15 "
20,INTRACRANIAL VASCULAR PROCEDURES W PDX HEMORRHAGE W MCC,"$334,430.35 "
23,CRANIO W MAJOR DEV IMPL/ACUTE COMPLEX CNS PDX W MCC OR CHEMO IMPLANT,"$129,208.64 "
24,CRANIO W MAJOR DEV IMPL/ACUTE COMPLEX CNS PDX W/O MCC,"$84,800.52 "
26,CRANIOTOMY & ENDOVASCULAR INTRACRANIAL PROCEDURES W CC,"$62,593.56 "
28,SPINAL PROCEDURES W MCC,"$119,572.94 "
29,SPINAL PROCEDURES W CC OR SPINAL NEUROSTIMULATORS,"$65,351.12 "
30,SPINAL PROCEDURES W/O CC/MCC,"$58,846.00 "
32,VENTRICULAR SHUNT PROCEDURES W CC,"$54,238.27 "
36,CAROTID ARTERY STENT PROCEDURE W/O CC/MCC,"$66,055.50 "
37,EXTRACRANIAL PROCEDURES W MCC,"$94,087.53 "
38,EXTRACRANIAL PROCEDURES W CC,"$62,822.49 "
40,PERIPH/CRANIAL NERVE & OTHER NERV SYST PROC W MCC,"$100,256.11 "
41,PERIPH/CRANIAL NERVE & OTHER NERV SYST PROC W CC OR PERIPH NEUROSTIM,"$66,692.58 "
42,PERIPH/CRANIAL NERVE & OTHER NERV SYST PROC W/O CC/MCC,"$50,696.10 "
54,NERVOUS SYSTEM NEOPLASMS W MCC,"$34,427.74 "
55,NERVOUS SYSTEM NEOPLASMS W/O MCC,"$15,702.54 "
56,DEGENERATIVE NERVOUS SYSTEM DISORDERS W MCC,"$29,463.70 "
57,DEGENERATIVE NERVOUS SYSTEM DISORDERS W/O MCC,"$27,369.54 "
59,MULTIPLE SCLEROSIS & CEREBELLAR ATAXIA W CC,"$29,293.98 "
62,ACUTE ISCHEMIC STROKE W USE OF THROMBOLYTIC AGENT W CC,"$47,364.68 "
66,INTRACRANIAL HEMORRHAGE OR CEREBRAL INFARCTION W/O CC/MCC,"$17,853.88 "
69,TRANSIENT ISCHEMIA,"$19,276.06 "
70,NONSPECIFIC CEREBROVASCULAR DISORDERS W MCC,"$30,556.61 "
71,NONSPECIFIC CEREBROVASCULAR DISORDERS W CC,"$19,891.74 "
73,CRANIAL & PERIPHERAL NERVE DISORDERS W MCC,"$31,440.94 "
74,CRANIAL & PERIPHERAL NERVE DISORDERS W/O MCC,"$20,140.65 "
85,"TRAUMATIC STUPOR & COMA,COMA <1 HR W MCC","$44,166.57 "
86,"TRAUMATIC STUPOR & COMA,COMA <1 HR W CC","$16,633.49 "
87,"TRAUMATIC STUPOR & COMA,COMA <1 HR W/O CC/MCC","$14,906.31 "
91,OTHER DISORDERS OF NERVOUS SYSTEM W MCC,"$53,249.98 "
92,OTHER DISORDERS OF NERVOUS SYSTEM W CC,"$22,146.26 "
93,OTHER DISORDERS OF NERVOUS SYSTEM W/O CC/MCC,"$18,222.76 "
94,BACTERIAL & TUBERCULOUS INFECTIONS OF NERVOUS SYSTEM W MCC,"$86,103.11 "
97,NON-BACTERIAL INFECT OF NERVOUS SYS EXC VIRAL MENINGITIS W MCC,"$204,048.84 "
100,SEIZURES W MCC,"$37,093.13 "
101,SEIZURES W/O MCC,"$17,134.25 "
103,HEADACHES W/O MCC,"$20,612.44 "
123,NEUROLOGICAL EYE DISORDERS,"$19,298.54 "
125,OTHER DISORDERS OF THE EYE W/O MCC,"$15,126.84 "
129,MAJOR HEAD & NECK PROCEDURES W CC/MCC OR MAJOR DEVICE,"$23,091.12 "
130,MAJOR HEAD & NECK PROCEDURES W/O CC/MCC,"$27,514.39 "
133,"OTHER EAR,NOSE,MOUTH & THROAT O.R. PROCEDURES W CC/MCC","$37,396.88 "
134,"OTHER EAR,NOSE,MOUTH & THROAT O.R. PROCEDURES W/O CC/MCC","$20,104.82 "
146,"EAR,NOSE,MOUTH & THROAT MALIGNANCY W MCC","$44,492.54 "
149,DYSEQUILIBRIUM,"$13,757.16 "
151,EPISTAXIS W/O MCC,"$11,225.01 "
152,OTITIS MEDIA & URI W MCC,"$14,134.59 "
153,OTITIS MEDIA & URI W/O MCC,"$10,035.25 "
156,"OTHER EAR,NOSE,MOUTH & THROAT DIAGNOSES W/O CC/MCC","$19,091.50 "
158,DENTAL & ORAL DISEASES W CC,"$7,002.48 "
163,MAJOR CHEST PROCEDURES W MCC,"$81,128.00 "
164,MAJOR CHEST PROCEDURES W CC,"$67,301.44 "
165,MAJOR CHEST PROCEDURES W/O CC/MCC,"$43,583.22 "
166,OTHER RESP SYSTEM O.R. PROCEDURES W MCC,"$88,911.44 "
167,OTHER RESP SYSTEM O.R. PROCEDURES W CC,"$38,636.81 "
175,PULMONARY EMBOLISM W MCC,"$25,980.92 "
176,PULMONARY EMBOLISM W/O MCC,"$15,286.90 "
177,RESPIRATORY INFECTIONS & INFLAMMATIONS W MCC,"$38,745.96 "
178,RESPIRATORY INFECTIONS & INFLAMMATIONS W CC,"$22,346.61 "
179,RESPIRATORY INFECTIONS & INFLAMMATIONS W/O CC/MCC,"$7,546.39 "
180,RESPIRATORY NEOPLASMS W MCC,"$31,291.64 "
181,RESPIRATORY NEOPLASMS W CC,"$27,140.25 "
183,MAJOR CHEST TRAUMA W MCC,"$25,159.31 "
184,MAJOR CHEST TRAUMA W CC,"$25,273.32 "
186,PLEURAL EFFUSION W MCC,"$44,867.38 "
187,PLEURAL EFFUSION W CC,"$17,214.83 "
190,CHRONIC OBSTRUCTIVE PULMONARY DISEASE W MCC,"$19,517.78 "
191,CHRONIC OBSTRUCTIVE PULMONARY DISEASE W CC,"$17,860.11 "
192,CHRONIC OBSTRUCTIVE PULMONARY DISEASE W/O CC/MCC,"$10,787.93 "
195,SIMPLE PNEUMONIA & PLEURISY W/O CC/MCC,"$10,796.42 "
196,INTERSTITIAL LUNG DISEASE W MCC,"$26,226.53 "
199,PNEUMOTHORAX W MCC,"$53,510.06 "
200,PNEUMOTHORAX W CC,"$26,157.75 "
202,BRONCHITIS & ASTHMA W CC/MCC,"$17,036.79 "
203,BRONCHITIS & ASTHMA W/O CC/MCC,"$8,893.72 "
204,RESPIRATORY SIGNS & SYMPTOMS,"$16,484.61 "
205,OTHER RESPIRATORY SYSTEM DIAGNOSES W MCC,"$18,001.59 "
208,RESPIRATORY SYSTEM DIAGNOSIS W VENTILATOR SUPPORT <=96 HOURS,"$61,049.93 "
215,OTHER HEART ASSIST SYSTEM IMPLANT,"$266,921.22 "
216,CARDIAC VALVE & OTH MAJ CARDIOTHORACIC PROC W CARD CATH W MCC,"$189,483.05 "
217,CARDIAC VALVE & OTH MAJ CARDIOTHORACIC PROC W CARD CATH W CC,"$144,634.28 "
219,CARDIAC VALVE & OTH MAJ CARDIOTHORACIC PROC W/O CARD CATH W MCC,"$177,754.11 "
226,CARDIAC DEFIBRILLATOR IMPLANT W/O CARDIAC CATH W MCC,"$192,327.80 "
228,OTHER CARDIOTHORACIC PROCEDURES W MCC,"$157,686.85 "
233,CORONARY BYPASS W CARDIAC CATH W MCC,"$216,755.95 "
234,CORONARY BYPASS W CARDIAC CATH W/O MCC,"$120,518.79 "
235,CORONARY BYPASS W/O CARDIAC CATH W MCC,"$149,292.73 "
236,CORONARY BYPASS W/O CARDIAC CATH W/O MCC,"$107,651.05 "
239,AMPUTATION FOR CIRC SYS DISORDERS EXC UPPER LIMB & TOE W MCC,"$89,862.18 "
240,AMPUTATION FOR CIRC SYS DISORDERS EXC UPPER LIMB & TOE W CC,"$56,994.40 "
242,PERMANENT CARDIAC PACEMAKER IMPLANT W MCC,"$65,700.54 "
243,PERMANENT CARDIAC PACEMAKER IMPLANT W CC,"$49,188.92 "
244,PERMANENT CARDIAC PACEMAKER IMPLANT W/O CC/MCC,"$42,438.24 "
245,AICD GENERATOR PROCEDURES,"$120,341.36 "
246,PERC CARDIOVASC PROC W DRUG-ELUTING STENT W MCC OR 4+ VESSELS/STENTS,"$69,242.40 "
247,PERC CARDIOVASC PROC W DRUG-ELUTING STENT W/O MCC,"$54,279.79 "
248,PERC CARDIOVASC PROC W NON-DRUG-ELUTING STENT W MCC OR 4+ VES/STENTS,"$101,251.33 "
251,PERC CARDIOVASC PROC W/O CORONARY ARTERY STENT W/O MCC,"$42,479.56 "
253,OTHER VASCULAR PROCEDURES W CC,"$76,774.03 "
254,OTHER VASCULAR PROCEDURES W/O CC/MCC,"$72,432.00 "
264,OTHER CIRCULATORY SYSTEM O.R. PROCEDURES,"$55,194.51 "
266,ENDOVASCULAR CARDIAC VALVE REPLACEMENT W MCC,"$214,143.78 "
267,ENDOVASCULAR CARDIAC VALVE REPLACEMENT W/O MCC,"$171,642.84 "
268,AORTIC AND HEART ASSIST PROCEDURES EXCEPT PULSATION BALLOON W MCC,"$131,189.84 "
269,AORTIC AND HEART ASSIST PROCEDURES EXCEPT PULSATION BALLOON W/O MCC,"$138,039.90 "
270,OTHER MAJOR CARDIOVASCULAR PROCEDURES W MCC,"$122,195.31 "
271,OTHER MAJOR CARDIOVASCULAR PROCEDURES W CC,"$96,954.69 "
272,OTHER MAJOR CARDIOVASCULAR PROCEDURES W/O CC/MCC,"$89,389.10 "
273,PERCUTANEOUS INTRACARDIAC PROCEDURES W MCC,"$77,070.54 "
274,PERCUTANEOUS INTRACARDIAC PROCEDURES W/O MCC,"$52,394.98 "
280,"ACUTE MYOCARDIAL INFARCTION, DISCHARGED ALIVE W MCC","$35,929.89 "
281,"ACUTE MYOCARDIAL INFARCTION,DISCHARGED ALIVE W CC","$25,861.23 "
282,"ACUTE MYOCARDIAL INFARCTION,DISCHARGED ALIVE W/O CC/MCC","$18,570.89 "
283,"ACUTE MYOCARDIAL INFARCTION, EXPIRED W MCC","$34,869.43 "
286,"CIRCULATORY DISORDERS EXCEPT AMI, W CARD CATH W MCC","$39,843.34 "
287,"CIRCULATORY DISORDERS EXCEPT AMI,W CARD CATH W/O MCC","$28,749.10 "
288,ACUTE & SUBACUTE ENDOCARDITIS W MCC,"$34,499.97 "
289,ACUTE & SUBACUTE ENDOCARDITIS W CC,"$36,383.55 "
293,HEART FAILURE & SHOCK W/O CC/MCC,"$17,947.98 "
296,"CARDIAC ARREST,UNEXPLAINED W MCC","$47,214.41 "
299,PERIPHERAL VASCULAR DISORDERS W MCC,"$36,779.54 "
300,PERIPHERAL VASCULAR DISORDERS W CC,"$18,996.03 "
301,PERIPHERAL VASCULAR DISORDERS W/O CC/MCC,"$12,189.49 "
302,ATHEROSCLEROSIS W MCC,"$26,532.28 "
303,ATHEROSCLEROSIS W/O MCC,"$12,817.51 "
304,HYPERTENSION W MCC,"$21,367.25 "
305,HYPERTENSION W/O MCC,"$14,576.31 "
308,CARDIAC ARRHYTHMIA & CONDUCTION DISORDERS W MCC,"$26,675.33 "
309,CARDIAC ARRHYTHMIA & CONDUCTION DISORDERS W CC,"$16,166.37 "
310,CARDIAC ARRHYTHMIA & CONDUCTION DISORDERS W/O CC/MCC,"$14,117.33 "
311,ANGINA PECTORIS,"$14,470.92 "
312,SYNCOPE & COLLAPSE,"$16,535.59 "
314,OTHER CIRCULATORY SYSTEM DIAGNOSES W MCC,"$30,958.64 "
315,OTHER CIRCULATORY SYSTEM DIAGNOSES W CC,"$17,271.37 "
327,"STOMACH,ESOPHAGEAL & DUODENAL PROC W CC","$59,446.07 "
328,"STOMACH, ESOPHAGEAL & DUODENAL PROC W/O CC/MCC","$39,653.97 "
334,RECTAL RESECTION W/O CC/MCC,"$74,380.44 "
335,PERITONEAL ADHESIOLYSIS W MCC,"$82,539.66 "
336,PERITONEAL ADHESIOLYSIS W CC,"$73,184.99 "
337,PERITONEAL ADHESIOLYSIS W/O CC/MCC,"$33,539.08 "
339,APPENDECTOMY W COMPLICATED PRINCIPAL DIAG W CC,"$34,296.02 "
343,APPENDECTOMY W/O COMPLICATED PRINCIPAL DIAG W/O CC/MCC,"$27,845.91 "
344,MINOR SMALL & LARGE BOWEL PROCEDURES W MCC,"$51,458.14 "
345,MINOR SMALL & LARGE BOWEL PROCEDURES W CC,"$38,519.99 "
348,ANAL & STOMAL PROCEDURES W CC,"$35,916.48 "
354,HERNIA PROCEDURES EXCEPT INGUINAL & FEMORAL W CC,"$40,092.22 "
355,HERNIA PROCEDURES EXCEPT INGUINAL & FEMORAL W/O CC/MCC,"$44,869.61 "
356,OTHER DIGESTIVE SYSTEM O.R. PROCEDURES W MCC,"$96,886.49 "
357,OTHER DIGESTIVE SYSTEM O.R. PROCEDURES W CC,"$54,829.92 "
358,OTHER DIGESTIVE SYSTEM O.R. PROCEDURES W/O CC/MCC,"$27,991.32 "
368,MAJOR ESOPHAGEAL DISORDERS W MCC,"$43,156.51 "
369,MAJOR ESOPHAGEAL DISORDERS W CC,"$24,223.73 "
371,MAJOR GASTROINTESTINAL DISORDERS & PERITONEAL INFECTIONS W MCC,"$35,833.60 "
372,MAJOR GASTROINTESTINAL DISORDERS & PERITONEAL INFECTIONS W CC,"$19,895.06 "
373,MAJOR GASTROINTESTINAL DISORDERS & PERITONEAL INFECTIONS W/O CC/MCC,"$11,906.51 "
374,DIGESTIVE MALIGNANCY W MCC,"$35,905.99 "
375,DIGESTIVE MALIGNANCY W CC,"$30,028.23 "
376,DIGESTIVE MALIGNANCY W/O CC/MCC,"$34,431.06 "
377,G.I. HEMORRHAGE W MCC,"$36,499.22 "
379,G.I. HEMORRHAGE W/O CC/MCC,"$15,460.07 "
380,COMPLICATED PEPTIC ULCER W MCC,"$54,413.13 "
381,COMPLICATED PEPTIC ULCER W CC,"$29,358.28 "
382,COMPLICATED PEPTIC ULCER W/O CC/MCC,"$18,797.24 "
384,UNCOMPLICATED PEPTIC ULCER W/O MCC,"$31,902.58 "
386,INFLAMMATORY BOWEL DISEASE W CC,"$24,664.81 "
388,G.I. OBSTRUCTION W MCC,"$27,373.24 "
390,G.I. OBSTRUCTION W/O CC/MCC,"$9,235.01 "
393,OTHER DIGESTIVE SYSTEM DIAGNOSES W MCC,"$27,851.01 "
394,OTHER DIGESTIVE SYSTEM DIAGNOSES W CC,"$18,337.68 "
395,OTHER DIGESTIVE SYSTEM DIAGNOSES W/O CC/MCC,"$13,278.24 "
407,"PANCREAS, LIVER & SHUNT PROCEDURES W/O CC/MCC","$69,598.84 "
408,BILIARY TRACT PROC EXCEPT ONLY CHOLECYST W OR W/O C.D.E. W MCC,"$52,170.54 "
409,BILIARY TRACT PROC EXCEPT ONLY CHOLECYST W OR W/O C.D.E. W CC,"$61,253.84 "
415,CHOLECYSTECTOMY EXCEPT BY LAPAROSCOPE W/O C.D.E. W CC,"$50,611.92 "
416,CHOLECYSTECTOMY EXCEPT BY LAPAROSCOPE W/O C.D.E. W/O CC/MCC,"$43,214.77 "
417,LAPAROSCOPIC CHOLECYSTECTOMY W/O C.D.E. W MCC,"$49,151.44 "
418,LAPAROSCOPIC CHOLECYSTECTOMY W/O C.D.E. W CC,"$44,261.34 "
419,LAPAROSCOPIC CHOLECYSTECTOMY W/O C.D.E. W/O CC/MCC,"$37,723.57 "
420,HEPATOBILIARY DIAGNOSTIC PROCEDURES W MCC,"$63,307.98 "
421,HEPATOBILIARY DIAGNOSTIC PROCEDURES W CC,"$62,963.24 "
423,OTHER HEPATOBILIARY OR PANCREAS O.R. PROCEDURES W MCC,"$50,046.56 "
432,CIRRHOSIS & ALCOHOLIC HEPATITIS W MCC,"$41,747.02 "
433,CIRRHOSIS & ALCOHOLIC HEPATITIS W CC,"$19,044.91 "
436,MALIGNANCY OF HEPATOBILIARY SYSTEM OR PANCREAS W CC,"$21,646.39 "
437,MALIGNANCY OF HEPATOBILIARY SYSTEM OR PANCREAS W/O CC/MCC,"$12,867.75 "
438,DISORDERS OF PANCREAS EXCEPT MALIGNANCY W MCC,"$46,224.42 "
439,DISORDERS OF PANCREAS EXCEPT MALIGNANCY W CC,"$21,922.85 "
440,DISORDERS OF PANCREAS EXCEPT MALIGNANCY W/O CC/MCC,"$14,398.34 "
441,"DISORDERS OF LIVER EXCEPT MALIG,CIRR,ALC HEPA W MCC","$33,690.28 "
442,"DISORDERS OF LIVER EXCEPT MALIG,CIRR,ALC HEPA W CC","$19,671.58 "
444,DISORDERS OF THE BILIARY TRACT W MCC,"$37,894.48 "
445,DISORDERS OF THE BILIARY TRACT W CC,"$26,798.70 "
446,DISORDERS OF THE BILIARY TRACT W/O CC/MCC,"$21,933.32 "
453,COMBINED ANTERIOR/POSTERIOR SPINAL FUSION W MCC,"$438,142.47 "
454,COMBINED ANTERIOR/POSTERIOR SPINAL FUSION W CC,"$219,645.55 "
455,COMBINED ANTERIOR/POSTERIOR SPINAL FUSION W/O CC/MCC,"$123,393.37 "
456,SPINAL FUS EXC CERV W SPINAL CURV/MALIG/INFEC OR EXT FUS W MCC,"$265,796.04 "
457,SPINAL FUS EXC CERV W SPINAL CURV/MALIG/INFEC OR EXT FUS W CC,"$182,608.61 "
459,SPINAL FUSION EXCEPT CERVICAL W MCC,"$130,719.00 "
460,SPINAL FUSION EXCEPT CERVICAL W/O MCC,"$96,113.45 "
463,"WND DEBRID & SKN GRFT EXC HAND,FOR MUSCULO-CONN TISS DIS W MCC","$137,149.88 "
464,"WND DEBRID & SKN GRFT EXC HAND,FOR MUSCULO-CONN TISS DIS W CC","$66,948.79 "
465,"WND DEBRID & SKN GRFT EXC HAND,FOR MUSCULO-CONN TISS DIS W/O CC/MCC","$32,467.61 "
467,REVISION OF HIP OR KNEE REPLACEMENT W CC,"$97,653.05 "
468,REVISION OF HIP OR KNEE REPLACEMENT W/O CC/MCC,"$71,008.60 "
469,MAJHIP/KNEE JOINT REPL/REATTAC-LOWER EXTREMY W MCC OR TOT ANKLE REPL,"$54,544.16 "
472,CERVICAL SPINAL FUSION W CC,"$75,662.20 "
473,CERVICAL SPINAL FUSION W/O CC/MCC,"$73,073.21 "
474,AMPUTATION FOR MUSCULOSKELETAL SYS & CONN TISSUE DIS W MCC,"$137,643.40 "
475,AMPUTATION FOR MUSCULOSKELETAL SYS & CONN TISSUE DIS W CC,"$42,296.49 "
477,BIOPSIES OF MUSCULOSKELETAL SYSTEM & CONNECTIVE TISSUE W MCC,"$65,933.14 "
478,BIOPSIES OF MUSCULOSKELETAL SYSTEM & CONNECTIVE TISSUE W CC,"$50,571.84 "
480,HIP & FEMUR PROCEDURES EXCEPT MAJOR JOINT W MCC,"$87,883.26 "
481,HIP & FEMUR PROCEDURES EXCEPT MAJOR JOINT W CC,"$56,517.09 "
482,HIP & FEMUR PROCEDURES EXCEPT MAJOR JOINT W/O CC/MCC,"$33,412.05 "
488,KNEE PROCEDURES W/O PDX OF INFECTION W CC/MCC,"$49,809.67 "
489,KNEE PROCEDURES W/O PDX OF INFECTION W/O CC/MCC,"$30,887.28 "
492,"LOWER EXTREM & HUMER PROC EXCEPT HIP,FOOT,FEMUR W MCC","$72,428.29 "
493,"LOWER EXTREM & HUMER PROC EXCEPT HIP,FOOT,FEMUR W CC","$45,946.18 "
494,"LOWER EXTREM & HUMER PROC EXCEPT HIP,FOOT,FEMUR W/O CC/MCC","$46,686.98 "
497,LOCAL EXCISION & REMOVAL INT FIX DEVICES EXC HIP & FEMUR W/O CC/MCC,"$38,095.17 "
500,SOFT TISSUE PROCEDURES W MCC,"$70,384.04 "
501,SOFT TISSUE PROCEDURES W CC,"$54,536.15 "
502,SOFT TISSUE PROCEDURES W/O CC/MCC,"$33,146.53 "
513,"HAND OR WRIST PROC,EXCEPT MAJOR THUMB OR JOINT PROC W CC/MCC","$23,400.74 "
515,OTHER MUSCULOSKELET SYS & CONN TISS O.R. PROC W MCC,"$147,398.84 "
516,OTHER MUSCULOSKELET SYS & CONN TISS O.R. PROC W CC,"$32,877.32 "
517,OTHER MUSCULOSKELET SYS & CONN TISS O.R. PROC W/O CC/MCC,"$25,582.06 "
518,BACK & NECK PROC EXC SPINAL FUSION W MCC OR DISC DEVICE/NEUROSTIM,"$77,732.17 "
519,BACK & NECK PROC EXC SPINAL FUSION W CC,"$31,136.93 "
520,BACK & NECK PROC EXC SPINAL FUSION W/O CC/MCC,"$23,255.94 "
536,FRACTURES OF HIP & PELVIS W/O MCC,"$14,238.42 "
539,OSTEOMYELITIS W MCC,"$40,455.25 "
540,OSTEOMYELITIS W CC,"$20,376.46 "
542,PATHOLOGICAL FRACTURES & MUSCULOSKELET & CONN TISS MALIG W MCC,"$33,345.17 "
543,PATHOLOGICAL FRACTURES & MUSCULOSKELET & CONN TISS MALIG W CC,"$45,099.35 "
544,PATHOLOGICAL FRACTURES & MUSCULOSKELET & CONN TISS MALIG W/O CC/MCC,"$16,467.99 "
545,CONNECTIVE TISSUE DISORDERS W MCC,"$61,152.79 "
546,CONNECTIVE TISSUE DISORDERS W CC,"$31,736.27 "
551,MEDICAL BACK PROBLEMS W MCC,"$44,262.02 "
552,MEDICAL BACK PROBLEMS W/O MCC,"$16,703.33 "
554,BONE DISEASES & ARTHROPATHIES W/O MCC,"$18,501.17 "
556,SIGNS & SYMPTOMS OF MUSCULOSKELETAL SYSTEM & CONN TISSUE W/O MCC,"$14,860.20 "
558,"TENDONITIS,MYOSITIS & BURSITIS W/O MCC","$16,328.93 "
563,"FX,SPRN,STRN & DISL EXCEPT FEMUR,HIP,PELVIS & THIGH W/O MCC","$22,868.86 "
570,SKIN DEBRIDEMENT W MCC,"$71,411.66 "
571,SKIN DEBRIDEMENT W CC,"$45,831.65 "
574,SKIN GRAFT FOR SKIN ULCER OR CELLULITIS W CC,"$58,850.51 "
579,"OTHER SKIN, SUBCUT TISS & BREAST PROC W MCC","$31,311.96 "
580,"OTHER SKIN,SUBCUT TISS & BREAST PROC W CC","$25,659.01 "
581,"OTHER SKIN, SUBCUT TISS & BREAST PROC W/O CC/MCC","$20,098.56 "
592,SKIN ULCERS W MCC,"$13,381.01 "
596,MAJOR SKIN DISORDERS W/O MCC,"$32,808.49 "
602,CELLULITIS W MCC,"$22,736.19 "
605,"TRAUMA TO THE SKIN,SUBCUT TISS & BREAST W/O MCC","$11,117.91 "
607,MINOR SKIN DISORDERS W/O MCC,"$17,981.95 "
614,ADRENAL & PITUITARY PROCEDURES W CC/MCC,"$44,314.62 "
615,ADRENAL & PITUITARY PROCEDURES W/O CC/MCC,"$35,496.58 "
619,O.R. PROCEDURES FOR OBESITY W MCC,"$88,243.83 "
620,O.R. PROCEDURES FOR OBESITY W CC,"$48,660.61 "
622,"SKIN GRAFTS & WOUND DEBRID FOR ENDOC,NUTRIT & METAB DIS W MCC","$83,186.83 "
623,"SKIN GRAFTS & WOUND DEBRID FOR ENDOC,NUTRIT & METAB DIS W CC","$17,620.45 "
626,"THYROID, PARATHYROID & THYROGLOSSAL PROCEDURES W CC","$35,571.31 "
627,"THYROID,PARATHYROID & THYROGLOSSAL PROCEDURES W/O CC/MCC","$29,193.36 "
628,"OTHER ENDOCRINE,NUTRIT & METAB O.R. PROC W MCC","$51,585.36 "
637,DIABETES W MCC,"$22,643.86 "
638,DIABETES W CC,"$16,303.26 "
643,ENDOCRINE DISORDERS W MCC,"$35,586.09 "
644,ENDOCRINE DISORDERS W CC,"$20,278.98 "
645,ENDOCRINE DISORDERS W/O CC/MCC,"$19,409.14 "
654,MAJOR BLADDER PROCEDURES W CC,"$120,212.92 "
655,MAJOR BLADDER PROCEDURES W/O CC/MCC,"$122,823.88 "
656,KIDNEY & URETER PROCEDURES FOR NEOPLASM W MCC,"$82,494.22 "
657,KIDNEY & URETER PROCEDURES FOR NEOPLASM W CC,"$53,537.24 "
658,KIDNEY & URETER PROCEDURES FOR NEOPLASM W/O CC/MCC,"$44,764.05 "
659,KIDNEY & URETER PROCEDURES FOR NON-NEOPLASM W MCC,"$76,345.29 "
660,KIDNEY & URETER PROCEDURES FOR NON-NEOPLASM W CC,"$47,504.55 "
661,KIDNEY & URETER PROCEDURES FOR NON-NEOPLASM W/O CC/MCC,"$45,723.84 "
663,MINOR BLADDER PROCEDURES W CC,"$81,953.51 "
668,TRANSURETHRAL PROCEDURES W MCC,"$64,511.92 "
669,TRANSURETHRAL PROCEDURES W CC,"$28,878.86 "
673,OTHER KIDNEY & URINARY TRACT PROCEDURES W MCC,"$130,306.97 "
674,OTHER KIDNEY & URINARY TRACT PROCEDURES W CC,"$79,129.19 "
682,RENAL FAILURE W MCC,"$35,647.68 "
683,RENAL FAILURE W CC,"$17,111.00 "
684,RENAL FAILURE W/O CC/MCC,"$17,838.70 "
687,KIDNEY & URINARY TRACT NEOPLASMS W CC,"$47,123.97 "
689,KIDNEY & URINARY TRACT INFECTIONS W MCC,"$23,237.96 "
693,URINARY STONES W/O ESW LITHOTRIPSY W MCC,"$30,772.61 "
694,URINARY STONES W/O ESW LITHOTRIPSY W/O MCC,"$18,534.66 "
696,KIDNEY & URINARY TRACT SIGNS & SYMPTOMS W/O MCC,"$13,636.20 "
698,OTHER KIDNEY & URINARY TRACT DIAGNOSES W MCC,"$29,839.02 "
699,OTHER KIDNEY & URINARY TRACT DIAGNOSES W CC,"$28,204.79 "
700,OTHER KIDNEY & URINARY TRACT DIAGNOSES W/O CC/MCC,"$36,968.53 "
707,MAJOR MALE PELVIC PROCEDURES W CC/MCC,"$54,281.48 "
708,MAJOR MALE PELVIC PROCEDURES W/O CC/MCC,"$46,987.44 "
713,TRANSURETHRAL PROSTATECTOMY W CC/MCC,"$20,619.34 "
728,INFLAMMATION OF THE MALE REPRODUCTIVE SYSTEM W/O MCC,"$16,602.05 "
737,UTERINE & ADNEXA PROC FOR OVARIAN OR ADNEXAL MALIGNANCY W CC,"$49,101.99 "
742,UTERINE & ADNEXA PROC FOR NON-MALIGNANCY W CC/MCC,"$43,367.26 "
743,UTERINE & ADNEXA PROC FOR NON-MALIGNANCY W/O CC/MCC,"$28,524.70 "
748,FEMALE REPRODUCTIVE SYSTEM RECONSTRUCTIVE PROCEDURES,"$58,968.36 "
760,MENSTRUAL & OTHER FEMALE REPRODUCTIVE SYSTEM DISORDERS W CC/MCC,"$28,901.68 "
803,OTHER O.R. PROC OF THE BLOOD & BLOOD FORMING ORGANS W CC,"$57,802.37 "
804,OTHER O.R. PROC OF THE BLOOD & BLOOD FORMING ORGANS W/O CC/MCC,"$21,884.12 "
808,MAJOR HEMATOL/IMMUN DIAG EXC SICKLE CELL CRISIS & COAGUL W MCC,"$41,289.20 "
809,MAJOR HEMATOL/IMMUN DIAG EXC SICKLE CELL CRISIS & COAGUL W CC,"$22,012.88 "
811,RED BLOOD CELL DISORDERS W MCC,"$28,055.73 "
812,RED BLOOD CELL DISORDERS W/O MCC,"$20,587.51 "
813,COAGULATION DISORDERS,"$41,174.98 "
814,RETICULOENDOTHELIAL & IMMUNITY DISORDERS W MCC,"$31,107.48 "
821,LYMPHOMA & LEUKEMIA W MAJOR O.R. PROCEDURE W CC,"$42,507.37 "
822,LYMPHOMA & LEUKEMIA W MAJOR O.R. PROCEDURE W/O CC/MCC,"$18,085.04 "
824,LYMPHOMA & NON-ACUTE LEUKEMIA W OTHER PROC W CC,"$56,370.91 "
826,MYELOPROLIF DISORD OR POORLY DIFF NEOPL W MAJ O.R. PROC W MCC,"$125,201.83 "
827,MYELOPROLIF DISORD OR POORLY DIFF NEOPL W MAJ O.R. PROC W CC,"$66,140.98 "
828,MYELOPROLIF DISORD OR POORLY DIFF NEOPL W MAJ O.R. PROC W/O CC/MCC,"$58,179.85 "
829,MYELOPROLIF DISORD OR POORLY DIFF NEOPL W OTHER O.R. PROC W CC/MCC,"$37,824.16 "
834,ACUTE LEUKEMIA W/O MAJOR O.R. PROCEDURE W MCC,"$187,423.39 "
839,CHEMO W ACUTE LEUKEMIA AS SDX W/O CC/MCC,"$24,563.23 "
840,LYMPHOMA & NON-ACUTE LEUKEMIA W MCC,"$61,802.10 "
841,LYMPHOMA & NON-ACUTE LEUKEMIA W CC,"$31,370.80 "
843,OTHER MYELOPROLIF DIS OR POORLY DIFF NEOPL DIAG W MCC,"$35,163.27 "
844,OTHER MYELOPROLIF DIS OR POORLY DIFF NEOPL DIAG W CC,"$54,637.55 "
846,CHEMOTHERAPY W/O ACUTE LEUKEMIA AS SECONDARY DIAGNOSIS W MCC,"$31,928.59 "
847,CHEMOTHERAPY W/O ACUTE LEUKEMIA AS SECONDARY DIAGNOSIS W CC,"$32,554.36 "
854,INFECTIOUS & PARASITIC DISEASES W O.R. PROCEDURE W CC,"$50,766.27 "
856,POSTOPERATIVE OR POST-TRAUMATIC INFECTIONS W O.R. PROC W MCC,"$80,514.28 "
857,POSTOPERATIVE OR POST-TRAUMATIC INFECTIONS W O.R. PROC W CC,"$32,953.91 "
862,POSTOPERATIVE & POST-TRAUMATIC INFECTIONS W MCC,"$22,407.00 "
863,POSTOPERATIVE & POST-TRAUMATIC INFECTIONS W/O MCC,"$10,631.67 "
864,FEVER,"$9,777.19 "
866,VIRAL ILLNESS W/O MCC,"$11,977.24 "
870,SEPTICEMIA OR SEVERE SEPSIS W MV >96 HOURS,"$145,620.02 "
880,ACUTE ADJUSTMENT REACTION & PSYCHOSOCIAL DYSFUNCTION,"$22,358.48 "
884,ORGANIC DISTURBANCES & INTELLECTUAL DISABILITY,"$69,737.02 "
885,PSYCHOSES,"$22,691.34 "
894,"ALCOHOL/DRUG ABUSE OR DEPENDENCE, LEFT AMA","$14,055.87 "
896,ALCOHOL/DRUG ABUSE OR DEPENDENCE W/O REHABILITATION THERAPY W MCC,"$42,043.65 "
897,ALCOHOL/DRUG ABUSE OR DEPENDENCE W/O REHABILITATION THERAPY W/O MCC,"$21,891.13 "
902,WOUND DEBRIDEMENTS FOR INJURIES W CC,"$36,419.86 "
907,OTHER O.R. PROCEDURES FOR INJURIES W MCC,"$111,643.32 "
908,OTHER O.R. PROCEDURES FOR INJURIES W CC,"$32,263.33 "
909,OTHER O.R. PROCEDURES FOR INJURIES W/O CC/MCC,"$33,668.50 "
916,ALLERGIC REACTIONS W/O MCC,"$14,769.55 "
917,POISONING & TOXIC EFFECTS OF DRUGS W MCC,"$26,984.89 "
918,POISONING & TOXIC EFFECTS OF DRUGS W/O MCC,"$12,272.89 "
920,COMPLICATIONS OF TREATMENT W CC,"$20,284.91 "
921,COMPLICATIONS OF TREATMENT W/O CC/MCC,"$14,377.72 "
940,O.R. PROC W DIAGNOSES OF OTHER CONTACT W HEALTH SERVICES W CC,"$31,598.17 "
947,SIGNS & SYMPTOMS W MCC,"$23,513.14 "
949,AFTERCARE W CC/MCC,"$29,072.07 "
974,HIV W MAJOR RELATED CONDITION W MCC,"$65,409.40 "
975,HIV W MAJOR RELATED CONDITION W CC,"$20,811.50 "
982,EXTENSIVE O.R. PROCEDURE UNRELATED TO PRINCIPAL DIAGNOSIS W CC,"$58,009.11 "
983,EXTENSIVE O.R. PROCEDURE UNRELATED TO PRINCIPAL DIAGNOSIS W/O CC/MCC,"$47,759.12 "
987,NON-EXTENSIVE O.R. PROC UNRELATED TO PRINCIPAL DIAGNOSIS W MCC,"$71,044.87 "
988,NON-EXTENSIVE O.R. PROC UNRELATED TO PRINCIPAL DIAGNOSIS W CC,"$37,702.44 "
989,NON-EXTENSIVE O.R. PROC UNRELATED TO PRINCIPAL DIAGNOSIS W/O CC/MCC,"$20,886.42 "
