DRG_CODE,DRG_NAME, AVG_CHGS 
3,"ECMO OR TRACH W MV >96 HRS OR PDX EXC FACE, MOUTH & NECK W MAJ O.R.","$339,460.50 "
4,"TRACH W MV >96 HRS OR PDX EXC FACE, MOUTH & NECK W/O MAJ O.R.","$245,542.47 "
11,"TRACHEOSTOMY FOR FACE, MOUTH & NECK DIAGNOSES OR LARYNGECTOMY W MCC","$81,606.40 "
23,CRANIOTOMY W MAJOR DEVICE IMPLANT OR ACUTE COMPLEX CNS PDX W MCC OR CHEMOTHERAPY IMPLANT OR EPILEPSY W NEUROSTIMULATOR,"$99,473.91 "
24,CRANIO W MAJOR DEV IMPL/ACUTE COMPLEX CNS PDX W/O MCC,"$73,481.55 "
25,CRANIOTOMY & ENDOVASCULAR INTRACRANIAL PROCEDURES W MCC,"$140,369.11 "
26,CRANIOTOMY & ENDOVASCULAR INTRACRANIAL PROCEDURES W CC,"$62,579.39 "
27,CRANIOTOMY & ENDOVASCULAR INTRACRANIAL PROCEDURES W/O CC/MCC,"$31,844.92 "
30,SPINAL PROCEDURES W/O CC/MCC,"$90,642.74 "
31,VENTRICULAR SHUNT PROCEDURES W MCC,"$73,989.78 "
32,VENTRICULAR SHUNT PROCEDURES W CC,"$129,556.88 "
33,VENTRICULAR SHUNT PROCEDURES W/O CC/MCC,"$46,924.86 "
34,CAROTID ARTERY STENT PROCEDURE W MCC,"$56,129.39 "
35,CAROTID ARTERY STENT PROCEDURE W CC,"$103,797.65 "
36,CAROTID ARTERY STENT PROCEDURE W/O CC/MCC,"$68,547.23 "
37,EXTRACRANIAL PROCEDURES W MCC,"$113,411.65 "
38,EXTRACRANIAL PROCEDURES W CC,"$50,758.20 "
39,EXTRACRANIAL PROCEDURES W/O CC/MCC,"$38,872.36 "
40,PERIPH/CRANIAL NERVE & OTHER NERV SYST PROC W MCC,"$26,575.65 "
41,PERIPH/CRANIAL NERVE & OTHER NERV SYST PROC W CC OR PERIPH NEUROSTIM,"$74,593.94 "
42,PERIPH/CRANIAL NERVE & OTHER NERV SYST PROC W/O CC/MCC,"$42,135.95 "
54,NERVOUS SYSTEM NEOPLASMS W MCC,"$31,038.31 "
55,NERVOUS SYSTEM NEOPLASMS W/O MCC,"$30,375.16 "
56,DEGENERATIVE NERVOUS SYSTEM DISORDERS W MCC,"$45,069.36 "
57,DEGENERATIVE NERVOUS SYSTEM DISORDERS W/O MCC,"$52,660.56 "
59,MULTIPLE SCLEROSIS & CEREBELLAR ATAXIA W CC,"$46,289.88 "
60,MULTIPLE SCLEROSIS & CEREBELLAR ATAXIA W/O CC/MCC,"$21,595.86 "
61,"ISCHEMIC STROKE, PRECEREBRAL OCCLUSION OR TRANSIENT ISCHEMIA W THROMBOLYTIC AGENT W MCC","$87,593.15 "
62,"ISCHEMIC STROKE, PRECEREBRAL OCCLUSION OR TRANSIENT ISCHEMIA W THROMBOLYTIC AGENT W CC","$78,700.37 "
63,"ISCHEMIC STROKE, PRECEREBRAL OCCLUSION OR TRANSIENT ISCHEMIA W THROMBOLYTIC AGENT W/O CC/MCC","$83,256.25 "
64,INTRACRANIAL HEMORRHAGE OR CEREBRAL INFARCTION W MCC,"$60,253.32 "
65,INTRACRANIAL HEMORRHAGE OR CEREBRAL INFARCTION W CC OR TPA IN 24 HRS,"$37,614.87 "
66,INTRACRANIAL HEMORRHAGE OR CEREBRAL INFARCTION W/O CC/MCC,"$30,450.83 "
68,NONSPECIFIC CVA & PRECEREBRAL OCCLUSION W/O INFARCT W/O MCC,"$21,271.35 "
69,TRANSIENT ISCHEMIA W/O THROMBOLYTIC,"$29,562.11 "
70,NONSPECIFIC CEREBROVASCULAR DISORDERS W MCC,"$63,372.25 "
71,NONSPECIFIC CEREBROVASCULAR DISORDERS W CC,"$27,175.91 "
72,NONSPECIFIC CEREBROVASCULAR DISORDERS W/O CC/MCC,"$28,855.44 "
73,CRANIAL & PERIPHERAL NERVE DISORDERS W MCC,"$52,075.00 "
74,CRANIAL & PERIPHERAL NERVE DISORDERS W/O MCC,"$29,205.45 "
75,VIRAL MENINGITIS W CC/MCC,"$27,271.60 "
76,VIRAL MENINGITIS W/O CC/MCC,"$23,055.90 "
78,HYPERTENSIVE ENCEPHALOPATHY W CC,"$21,800.76 "
82,"TRAUMATIC STUPOR & COMA, COMA >1 HR W MCC","$74,908.62 "
83,"TRAUMATIC STUPOR & COMA, COMA >1 HR W CC","$83,419.06 "
84,"TRAUMATIC STUPOR & COMA, COMA >1 HR W/O CC/MCC","$18,227.12 "
85,"TRAUMATIC STUPOR & COMA, COMA <1 HR W MCC","$89,726.40 "
86,"TRAUMATIC STUPOR & COMA, COMA <1 HR W CC","$33,164.72 "
87,"TRAUMATIC STUPOR & COMA, COMA <1 HR W/O CC/MCC","$25,653.24 "
89,CONCUSSION W CC,"$57,881.51 "
91,OTHER DISORDERS OF NERVOUS SYSTEM W MCC,"$54,061.69 "
92,OTHER DISORDERS OF NERVOUS SYSTEM W CC,"$38,961.66 "
93,OTHER DISORDERS OF NERVOUS SYSTEM W/O CC/MCC,"$38,470.42 "
95,BACTERIAL & TUBERCULOUS INFECTIONS OF NERVOUS SYSTEM W CC,"$55,351.48 "
96,BACTERIAL & TUBERCULOUS INFECTIONS OF NERVOUS SYSTEM W/O CC/MCC,"$103,864.04 "
97,NON-BACTERIAL INFECT OF NERVOUS SYS EXC VIRAL MENINGITIS W MCC,"$140,805.22 "
98,NON-BACTERIAL INFECT OF NERVOUS SYS EXC VIRAL MENINGITIS W CC,"$13,713.97 "
99,NON-BACTERIAL INFECT OF NERVOUS SYS EXC VIRAL MENINGITIS W/O CC/MCC,"$24,568.79 "
100,SEIZURES W MCC,"$41,228.34 "
101,SEIZURES W/O MCC,"$25,385.27 "
102,HEADACHES W MCC,"$26,292.57 "
103,HEADACHES W/O MCC,"$37,143.78 "
115,EXTRAOCULAR PROCEDURES EXCEPT ORBIT,"$52,011.21 "
122,ACUTE MAJOR EYE INFECTIONS W/O CC/MCC,"$5,896.76 "
124,OTHER DISORDERS OF THE EYE W MCC,"$12,806.84 "
125,OTHER DISORDERS OF THE EYE W/O MCC,"$32,090.85 "
133,"OTHER EAR, NOSE, MOUTH & THROAT O.R. PROCEDURES W CC/MCC","$11,452.88 "
134,"OTHER EAR, NOSE, MOUTH & THROAT O.R. PROCEDURES W/O CC/MCC","$19,123.20 "
149,DYSEQUILIBRIUM,"$28,132.90 "
150,EPISTAXIS W MCC,"$129,264.23 "
151,EPISTAXIS W/O MCC,"$9,577.60 "
152,OTITIS MEDIA & URI W MCC,"$33,711.74 "
153,OTITIS MEDIA & URI W/O MCC,"$19,128.69 "
155,"OTHER EAR, NOSE, MOUTH & THROAT DIAGNOSES W CC","$11,146.37 "
157,DENTAL & ORAL DISEASES W MCC,"$29,883.54 "
159,DENTAL & ORAL DISEASES W/O CC/MCC,"$16,409.12 "
163,MAJOR CHEST PROCEDURES W MCC,"$139,078.98 "
164,MAJOR CHEST PROCEDURES W CC,"$73,036.79 "
165,MAJOR CHEST PROCEDURES W/O CC/MCC,"$44,574.73 "
166,OTHER RESP SYSTEM O.R. PROCEDURES W MCC,"$97,740.00 "
167,OTHER RESP SYSTEM O.R. PROCEDURES W CC,"$58,194.87 "
168,OTHER RESP SYSTEM O.R. PROCEDURES W/O CC/MCC,"$45,506.61 "
175,PULMONARY EMBOLISM W MCC,"$48,011.89 "
176,PULMONARY EMBOLISM W/O MCC,"$28,735.79 "
177,RESPIRATORY INFECTIONS & INFLAMMATIONS W MCC,"$44,044.18 "
178,RESPIRATORY INFECTIONS & INFLAMMATIONS W CC,"$41,364.67 "
179,RESPIRATORY INFECTIONS & INFLAMMATIONS W/O CC/MCC,"$17,589.31 "
180,RESPIRATORY NEOPLASMS W MCC,"$52,226.30 "
181,RESPIRATORY NEOPLASMS W CC,"$28,073.19 "
182,RESPIRATORY NEOPLASMS W/O CC/MCC,"$27,064.72 "
184,MAJOR CHEST TRAUMA W CC,"$43,212.55 "
185,MAJOR CHEST TRAUMA W/O CC/MCC,"$30,242.96 "
186,PLEURAL EFFUSION W MCC,"$36,887.82 "
187,PLEURAL EFFUSION W CC,"$33,577.56 "
188,PLEURAL EFFUSION W/O CC/MCC,"$14,907.81 "
189,PULMONARY EDEMA & RESPIRATORY FAILURE,"$36,339.01 "
190,CHRONIC OBSTRUCTIVE PULMONARY DISEASE W MCC,"$33,754.06 "
191,CHRONIC OBSTRUCTIVE PULMONARY DISEASE W CC,"$27,824.53 "
192,CHRONIC OBSTRUCTIVE PULMONARY DISEASE W/O CC/MCC,"$21,602.50 "
193,SIMPLE PNEUMONIA & PLEURISY W MCC,"$36,831.89 "
194,SIMPLE PNEUMONIA & PLEURISY W CC,"$26,113.43 "
195,SIMPLE PNEUMONIA & PLEURISY W/O CC/MCC,"$17,171.17 "
196,INTERSTITIAL LUNG DISEASE W MCC,"$112,180.82 "
197,INTERSTITIAL LUNG DISEASE W CC,"$43,444.97 "
198,INTERSTITIAL LUNG DISEASE W/O CC/MCC,"$28,656.07 "
199,PNEUMOTHORAX W MCC,"$18,101.95 "
200,PNEUMOTHORAX W CC,"$32,492.61 "
201,PNEUMOTHORAX W/O CC/MCC,"$21,520.89 "
202,BRONCHITIS & ASTHMA W CC/MCC,"$20,636.12 "
203,BRONCHITIS & ASTHMA W/O CC/MCC,"$12,765.56 "
204,RESPIRATORY SIGNS & SYMPTOMS,"$39,162.12 "
205,OTHER RESPIRATORY SYSTEM DIAGNOSES W MCC,"$33,502.91 "
206,OTHER RESPIRATORY SYSTEM DIAGNOSES W/O MCC,"$19,164.23 "
207,RESPIRATORY SYSTEM DIAGNOSIS W VENTILATOR SUPPORT >96 HOURS OR PERIPHERAL EXTRACORPOREAL MEMBRANE OXYGENATION (ECMO),"$140,022.94 "
208,RESPIRATORY SYSTEM DIAGNOSIS W VENTILATOR SUPPORT <=96 HOURS,"$72,998.28 "
215,OTHER HEART ASSIST SYSTEM IMPLANT,"$279,201.58 "
216,CARDIAC VALVE & OTH MAJ CARDIOTHORACIC PROC W CARD CATH W MCC,"$284,561.10 "
219,CARDIAC VALVE & OTH MAJ CARDIOTHORACIC PROC W/O CARD CATH W MCC,"$273,365.69 "
220,CARDIAC VALVE & OTH MAJ CARDIOTHORACIC PROC W/O CARD CATH W CC,"$135,203.58 "
221,CARDIAC VALVE & OTH MAJ CARDIOTHORACIC PROC W/O CARD CATH W/O CC/MCC,"$109,494.04 "
222,CARDIAC DEFIB IMPLANT W CARDIAC CATH W AMI/HF/SHOCK W MCC,"$225,501.61 "
223,CARDIAC DEFIB IMPLANT W CARDIAC CATH W AMI/HF/SHOCK W/O MCC,"$192,833.30 "
224,CARDIAC DEFIB IMPLANT W CARDIAC CATH W/O AMI/HF/SHOCK W MCC,"$238,200.37 "
226,CARDIAC DEFIBRILLATOR IMPLANT W/O CARDIAC CATH W MCC,"$191,605.18 "
227,CARDIAC DEFIBRILLATOR IMPLANT W/O CARDIAC CATH W/O MCC,"$137,568.94 "
228,OTHER CARDIOTHORACIC PROCEDURES W MCC,"$113,599.45 "
229,OTHER CARDIOTHORACIC PROCEDURES W/O MCC,"$101,954.24 "
231,CORONARY BYPASS W PTCA W MCC,"$335,894.06 "
233,CORONARY BYPASS W CARDIAC CATH W MCC,"$245,274.90 "
234,CORONARY BYPASS W CARDIAC CATH W/O MCC,"$144,321.90 "
235,CORONARY BYPASS W/O CARDIAC CATH W MCC,"$141,359.27 "
236,CORONARY BYPASS W/O CARDIAC CATH W/O MCC,"$100,164.98 "
239,AMPUTATION FOR CIRC SYS DISORDERS EXC UPPER LIMB & TOE W MCC,"$154,609.86 "
240,AMPUTATION FOR CIRC SYS DISORDERS EXC UPPER LIMB & TOE W CC,"$51,198.35 "
242,PERMANENT CARDIAC PACEMAKER IMPLANT W MCC,"$113,149.87 "
243,PERMANENT CARDIAC PACEMAKER IMPLANT W CC,"$81,443.33 "
244,PERMANENT CARDIAC PACEMAKER IMPLANT W/O CC/MCC,"$67,242.94 "
245,AICD GENERATOR PROCEDURES,"$177,651.94 "
246,PERCUTANEOUS CARDIOVASCULAR PROCEDURES W DRUG-ELUTING STENT W MCC OR 4+ ARTERIES OR STENTS,"$134,584.88 "
247,PERC CARDIOVASC PROC W DRUG-ELUTING STENT W/O MCC,"$101,633.04 "
248,PERCUTANEOUS CARDIOVASCULAR PROCEDURES W NON-DRUG-ELUTING STENT W MCC OR 4+ ARTERIES OR STENTS,"$148,563.16 "
249,PERC CARDIOVASC PROC W NON-DRUG-ELUTING STENT W/O MCC,"$90,031.30 "
250,PERC CARDIOVASC PROC W/O CORONARY ARTERY STENT W MCC,"$93,874.60 "
251,PERC CARDIOVASC PROC W/O CORONARY ARTERY STENT W/O MCC,"$88,116.49 "
252,OTHER VASCULAR PROCEDURES W MCC,"$91,806.42 "
253,OTHER VASCULAR PROCEDURES W CC,"$93,486.13 "
254,OTHER VASCULAR PROCEDURES W/O CC/MCC,"$54,784.34 "
255,UPPER LIMB & TOE AMPUTATION FOR CIRC SYSTEM DISORDERS W MCC,"$75,947.72 "
256,UPPER LIMB & TOE AMPUTATION FOR CIRC SYSTEM DISORDERS W CC,"$37,798.82 "
261,CARDIAC PACEMAKER REVISION EXCEPT DEVICE REPLACEMENT W CC,"$53,131.84 "
262,CARDIAC PACEMAKER REVISION EXCEPT DEVICE REPLACEMENT W/O CC/MCC,"$60,544.80 "
264,OTHER CIRCULATORY SYSTEM O.R. PROCEDURES,"$72,500.82 "
265,AICD LEAD PROCEDURES,"$281,200.14 "
269,AORTIC AND HEART ASSIST PROCEDURES EXCEPT PULSATION BALLOON W/O MCC,"$84,503.94 "
270,OTHER MAJOR CARDIOVASCULAR PROCEDURES W MCC,"$138,893.53 "
271,OTHER MAJOR CARDIOVASCULAR PROCEDURES W CC,"$109,056.97 "
272,OTHER MAJOR CARDIOVASCULAR PROCEDURES W/O CC/MCC,"$80,118.26 "
273,PERCUTANEOUS INTRACARDIAC PROCEDURES W MCC,"$181,088.12 "
274,PERCUTANEOUS INTRACARDIAC PROCEDURES W/O MCC,"$93,249.89 "
280,"ACUTE MYOCARDIAL INFARCTION, DISCHARGED ALIVE W MCC","$49,452.71 "
281,"ACUTE MYOCARDIAL INFARCTION, DISCHARGED ALIVE W CC","$37,854.46 "
282,"ACUTE MYOCARDIAL INFARCTION, DISCHARGED ALIVE W/O CC/MCC","$34,435.43 "
283,"ACUTE MYOCARDIAL INFARCTION, EXPIRED W MCC","$84,575.96 "
284,"ACUTE MYOCARDIAL INFARCTION, EXPIRED W CC","$21,566.53 "
286,"CIRCULATORY DISORDERS EXCEPT AMI, W CARD CATH W MCC","$63,496.24 "
287,"CIRCULATORY DISORDERS EXCEPT AMI, W CARD CATH W/O MCC","$47,008.26 "
289,ACUTE & SUBACUTE ENDOCARDITIS W CC,"$187,130.73 "
291,HEART FAILURE & SHOCK W MCC OR PERIPHERAL EXTRACORPOREAL MEMBRANE OXYGENATION (ECMO),"$42,304.66 "
292,HEART FAILURE & SHOCK W CC,"$30,926.88 "
293,HEART FAILURE & SHOCK W/O CC/MCC,"$22,674.21 "
296,"CARDIAC ARREST, UNEXPLAINED W MCC OR PERIPHERAL EXTRACORPOREAL MEMBRANE OXYGENATION (ECMO)","$94,969.56 "
299,PERIPHERAL VASCULAR DISORDERS W MCC,"$41,274.36 "
300,PERIPHERAL VASCULAR DISORDERS W CC,"$27,133.58 "
301,PERIPHERAL VASCULAR DISORDERS W/O CC/MCC,"$18,819.33 "
302,ATHEROSCLEROSIS W MCC,"$41,348.93 "
303,ATHEROSCLEROSIS W/O MCC,"$20,691.24 "
304,HYPERTENSION W MCC,"$36,580.63 "
305,HYPERTENSION W/O MCC,"$23,479.46 "
306,CARDIAC CONGENITAL & VALVULAR DISORDERS W MCC,"$32,645.81 "
307,CARDIAC CONGENITAL & VALVULAR DISORDERS W/O MCC,"$20,706.13 "
308,CARDIAC ARRHYTHMIA & CONDUCTION DISORDERS W MCC,"$34,295.74 "
309,CARDIAC ARRHYTHMIA & CONDUCTION DISORDERS W CC,"$20,778.64 "
310,CARDIAC ARRHYTHMIA & CONDUCTION DISORDERS W/O CC/MCC,"$16,880.40 "
311,ANGINA PECTORIS,"$19,670.67 "
312,SYNCOPE & COLLAPSE,"$29,061.75 "
313,CHEST PAIN,"$22,931.04 "
314,OTHER CIRCULATORY SYSTEM DIAGNOSES W MCC,"$66,963.28 "
315,OTHER CIRCULATORY SYSTEM DIAGNOSES W CC,"$31,210.96 "
316,OTHER CIRCULATORY SYSTEM DIAGNOSES W/O CC/MCC,"$20,985.80 "
326,"STOMACH, ESOPHAGEAL & DUODENAL PROC W MCC","$101,147.75 "
327,"STOMACH, ESOPHAGEAL & DUODENAL PROC W CC","$49,828.20 "
328,"STOMACH, ESOPHAGEAL & DUODENAL PROC W/O CC/MCC","$41,700.92 "
329,MAJOR SMALL & LARGE BOWEL PROCEDURES W MCC,"$128,060.29 "
330,MAJOR SMALL & LARGE BOWEL PROCEDURES W CC,"$81,798.75 "
331,MAJOR SMALL & LARGE BOWEL PROCEDURES W/O CC/MCC,"$59,587.07 "
334,RECTAL RESECTION W/O CC/MCC,"$62,802.01 "
335,PERITONEAL ADHESIOLYSIS W MCC,"$105,135.95 "
336,PERITONEAL ADHESIOLYSIS W CC,"$63,154.61 "
337,PERITONEAL ADHESIOLYSIS W/O CC/MCC,"$43,930.87 "
338,APPENDECTOMY W COMPLICATED PRINCIPAL DIAG W MCC,"$49,973.45 "
339,APPENDECTOMY W COMPLICATED PRINCIPAL DIAG W CC,"$46,305.54 "
340,APPENDECTOMY W COMPLICATED PRINCIPAL DIAG W/O CC/MCC,"$30,040.98 "
341,APPENDECTOMY W/O COMPLICATED PRINCIPAL DIAG W MCC,"$32,998.52 "
342,APPENDECTOMY W/O COMPLICATED PRINCIPAL DIAG W CC,"$31,201.32 "
343,APPENDECTOMY W/O COMPLICATED PRINCIPAL DIAG W/O CC/MCC,"$26,276.46 "
344,MINOR SMALL & LARGE BOWEL PROCEDURES W MCC,"$108,995.82 "
345,MINOR SMALL & LARGE BOWEL PROCEDURES W CC,"$39,334.11 "
346,MINOR SMALL & LARGE BOWEL PROCEDURES W/O CC/MCC,"$24,375.62 "
348,ANAL & STOMAL PROCEDURES W CC,"$47,730.27 "
349,ANAL & STOMAL PROCEDURES W/O CC/MCC,"$16,704.21 "
351,INGUINAL & FEMORAL HERNIA PROCEDURES W CC,"$37,009.90 "
352,INGUINAL & FEMORAL HERNIA PROCEDURES W/O CC/MCC,"$32,254.22 "
353,HERNIA PROCEDURES EXCEPT INGUINAL & FEMORAL W MCC,"$38,170.65 "
354,HERNIA PROCEDURES EXCEPT INGUINAL & FEMORAL W CC,"$59,075.42 "
355,HERNIA PROCEDURES EXCEPT INGUINAL & FEMORAL W/O CC/MCC,"$42,814.94 "
356,OTHER DIGESTIVE SYSTEM O.R. PROCEDURES W MCC,"$86,767.84 "
357,OTHER DIGESTIVE SYSTEM O.R. PROCEDURES W CC,"$60,009.25 "
358,OTHER DIGESTIVE SYSTEM O.R. PROCEDURES W/O CC/MCC,"$77,176.93 "
368,MAJOR ESOPHAGEAL DISORDERS W MCC,"$59,739.06 "
369,MAJOR ESOPHAGEAL DISORDERS W CC,"$41,625.33 "
370,MAJOR ESOPHAGEAL DISORDERS W/O CC/MCC,"$13,751.70 "
371,MAJOR GASTROINTESTINAL DISORDERS & PERITONEAL INFECTIONS W MCC,"$70,727.55 "
372,MAJOR GASTROINTESTINAL DISORDERS & PERITONEAL INFECTIONS W CC,"$31,357.79 "
373,MAJOR GASTROINTESTINAL DISORDERS & PERITONEAL INFECTIONS W/O CC/MCC,"$20,925.89 "
374,DIGESTIVE MALIGNANCY W MCC,"$50,918.56 "
375,DIGESTIVE MALIGNANCY W CC,"$38,864.80 "
377,G.I. HEMORRHAGE W MCC,"$45,007.84 "
378,G.I. HEMORRHAGE W CC,"$29,416.38 "
379,G.I. HEMORRHAGE W/O CC/MCC,"$20,203.42 "
380,COMPLICATED PEPTIC ULCER W MCC,"$37,113.84 "
381,COMPLICATED PEPTIC ULCER W CC,"$30,325.52 "
382,COMPLICATED PEPTIC ULCER W/O CC/MCC,"$15,699.76 "
383,UNCOMPLICATED PEPTIC ULCER W MCC,"$23,613.18 "
384,UNCOMPLICATED PEPTIC ULCER W/O MCC,"$30,657.89 "
385,INFLAMMATORY BOWEL DISEASE W MCC,"$45,596.09 "
386,INFLAMMATORY BOWEL DISEASE W CC,"$33,988.32 "
387,INFLAMMATORY BOWEL DISEASE W/O CC/MCC,"$22,285.42 "
388,G.I. OBSTRUCTION W MCC,"$38,641.95 "
389,G.I. OBSTRUCTION W CC,"$26,694.43 "
390,G.I. OBSTRUCTION W/O CC/MCC,"$17,140.05 "
391,"ESOPHAGITIS, GASTROENT & MISC DIGEST DISORDERS W MCC","$34,428.45 "
392,"ESOPHAGITIS, GASTROENT & MISC DIGEST DISORDERS W/O MCC","$24,498.14 "
393,OTHER DIGESTIVE SYSTEM DIAGNOSES W MCC,"$58,197.41 "
394,OTHER DIGESTIVE SYSTEM DIAGNOSES W CC,"$28,022.22 "
395,OTHER DIGESTIVE SYSTEM DIAGNOSES W/O CC/MCC,"$21,518.02 "
405,"PANCREAS, LIVER & SHUNT PROCEDURES W MCC","$78,364.67 "
408,BILIARY TRACT PROC EXCEPT ONLY CHOLECYST W OR W/O C.D.E. W MCC,"$89,977.23 "
410,BILIARY TRACT PROC EXCEPT ONLY CHOLECYST W OR W/O C.D.E. W/O CC/MCC,"$92,188.42 "
411,CHOLECYSTECTOMY W C.D.E. W MCC,"$52,171.91 "
414,CHOLECYSTECTOMY EXCEPT BY LAPAROSCOPE W/O C.D.E. W MCC,"$84,197.89 "
415,CHOLECYSTECTOMY EXCEPT BY LAPAROSCOPE W/O C.D.E. W CC,"$108,920.04 "
416,CHOLECYSTECTOMY EXCEPT BY LAPAROSCOPE W/O C.D.E. W/O CC/MCC,"$65,544.76 "
417,LAPAROSCOPIC CHOLECYSTECTOMY W/O C.D.E. W MCC,"$59,908.39 "
418,LAPAROSCOPIC CHOLECYSTECTOMY W/O C.D.E. W CC,"$49,840.62 "
419,LAPAROSCOPIC CHOLECYSTECTOMY W/O C.D.E. W/O CC/MCC,"$34,327.21 "
420,HEPATOBILIARY DIAGNOSTIC PROCEDURES W MCC,"$108,889.07 "
423,OTHER HEPATOBILIARY OR PANCREAS O.R. PROCEDURES W MCC,"$69,321.97 "
432,CIRRHOSIS & ALCOHOLIC HEPATITIS W MCC,"$54,447.01 "
433,CIRRHOSIS & ALCOHOLIC HEPATITIS W CC,"$36,354.12 "
434,CIRRHOSIS & ALCOHOLIC HEPATITIS W/O CC/MCC,"$23,460.27 "
435,MALIGNANCY OF HEPATOBILIARY SYSTEM OR PANCREAS W MCC,"$58,020.97 "
436,MALIGNANCY OF HEPATOBILIARY SYSTEM OR PANCREAS W CC,"$32,362.76 "
438,DISORDERS OF PANCREAS EXCEPT MALIGNANCY W MCC,"$35,648.31 "
439,DISORDERS OF PANCREAS EXCEPT MALIGNANCY W CC,"$24,771.78 "
440,DISORDERS OF PANCREAS EXCEPT MALIGNANCY W/O CC/MCC,"$19,252.06 "
441,"DISORDERS OF LIVER EXCEPT MALIG,CIRR,ALC HEPA W MCC","$51,359.37 "
442,"DISORDERS OF LIVER EXCEPT MALIG,CIRR,ALC HEPA W CC","$30,826.32 "
443,"DISORDERS OF LIVER EXCEPT MALIG,CIRR,ALC HEPA W/O CC/MCC","$30,652.99 "
444,DISORDERS OF THE BILIARY TRACT W MCC,"$63,321.18 "
445,DISORDERS OF THE BILIARY TRACT W CC,"$38,452.87 "
446,DISORDERS OF THE BILIARY TRACT W/O CC/MCC,"$22,544.08 "
458,SPINAL FUS EXC CERV W SPINAL CURV/MALIG/INFEC OR EXT FUS W/O CC/MCC,"$90,775.66 "
460,SPINAL FUSION EXCEPT CERVICAL W/O MCC,"$82,778.86 "
462,BILATERAL OR MULTIPLE MAJOR JOINT PROCS OF LOWER EXTREMITY W/O MCC,"$63,098.71 "
464,"WND DEBRID & SKN GRFT EXC HAND, FOR MUSCULO-CONN TISS DIS W CC","$77,202.30 "
465,"WND DEBRID & SKN GRFT EXC HAND, FOR MUSCULO-CONN TISS DIS W/O CC/MCC","$21,440.40 "
466,REVISION OF HIP OR KNEE REPLACEMENT W MCC,"$77,696.11 "
467,REVISION OF HIP OR KNEE REPLACEMENT W CC,"$75,027.60 "
468,REVISION OF HIP OR KNEE REPLACEMENT W/O CC/MCC,"$65,214.64 "
469,MAJOR HIP AND KNEE JOINT REPLACEMENT OR REATTACHMENT OF LOWER EXTREMITY W MCC OR TOTAL ANKLE REPLACEMENT,"$64,951.43 "
470,MAJOR HIP AND KNEE JOINT REPLACEMENT OR REATTACHMENT OF LOWER EXTREMITY W/O MCC,"$43,294.53 "
471,CERVICAL SPINAL FUSION W MCC,"$80,317.21 "
472,CERVICAL SPINAL FUSION W CC,"$60,615.78 "
473,CERVICAL SPINAL FUSION W/O CC/MCC,"$47,419.58 "
474,AMPUTATION FOR MUSCULOSKELETAL SYS & CONN TISSUE DIS W MCC,"$127,708.47 "
475,AMPUTATION FOR MUSCULOSKELETAL SYS & CONN TISSUE DIS W CC,"$52,676.10 "
477,BIOPSIES OF MUSCULOSKELETAL SYSTEM & CONNECTIVE TISSUE W MCC,"$78,620.58 "
478,BIOPSIES OF MUSCULOSKELETAL SYSTEM & CONNECTIVE TISSUE W CC,"$62,626.93 "
479,BIOPSIES OF MUSCULOSKELETAL SYSTEM & CONNECTIVE TISSUE W/O CC/MCC,"$42,357.32 "
480,HIP & FEMUR PROCEDURES EXCEPT MAJOR JOINT W MCC,"$72,203.21 "
481,HIP & FEMUR PROCEDURES EXCEPT MAJOR JOINT W CC,"$44,537.99 "
482,HIP & FEMUR PROCEDURES EXCEPT MAJOR JOINT W/O CC/MCC,"$34,419.39 "
483,MAJOR JOINT/LIMB REATTACHMENT PROCEDURE OF UPPER EXTREMITIES,"$41,848.36 "
486,KNEE PROCEDURES W PDX OF INFECTION W CC,"$51,097.79 "
487,KNEE PROCEDURES W PDX OF INFECTION W/O CC/MCC,"$62,284.41 "
492,"LOWER EXTREM & HUMER PROC EXCEPT HIP,FOOT,FEMUR W MCC","$48,271.27 "
493,"LOWER EXTREM & HUMER PROC EXCEPT HIP,FOOT,FEMUR W CC","$65,568.56 "
494,"LOWER EXTREM & HUMER PROC EXCEPT HIP,FOOT,FEMUR W/O CC/MCC","$35,998.08 "
496,LOCAL EXCISION & REMOVAL INT FIX DEVICES EXC HIP & FEMUR W CC,"$52,165.80 "
497,LOCAL EXCISION & REMOVAL INT FIX DEVICES EXC HIP & FEMUR W/O CC/MCC,"$41,320.63 "
501,SOFT TISSUE PROCEDURES W CC,"$66,363.36 "
502,SOFT TISSUE PROCEDURES W/O CC/MCC,"$24,148.72 "
503,FOOT PROCEDURES W MCC,"$63,384.38 "
504,FOOT PROCEDURES W CC,"$31,831.38 "
506,MAJOR THUMB OR JOINT PROCEDURES,"$22,406.78 "
507,MAJOR SHOULDER OR ELBOW JOINT PROCEDURES W CC/MCC,"$26,872.47 "
508,MAJOR SHOULDER OR ELBOW JOINT PROCEDURES W/O CC/MCC,"$22,776.83 "
510,"SHOULDER,ELBOW OR FOREARM PROC,EXC MAJOR JOINT PROC W MCC","$54,824.73 "
512,"SHOULDER,ELBOW OR FOREARM PROC,EXC MAJOR JOINT PROC W/O CC/MCC","$40,853.51 "
513,"HAND OR WRIST PROC, EXCEPT MAJOR THUMB OR JOINT PROC W CC/MCC","$78,419.26 "
514,"HAND OR WRIST PROC, EXCEPT MAJOR THUMB OR JOINT PROC W/O CC/MCC","$21,937.11 "
515,OTHER MUSCULOSKELET SYS & CONN TISS O.R. PROC W MCC,"$73,019.32 "
516,OTHER MUSCULOSKELET SYS & CONN TISS O.R. PROC W CC,"$59,674.79 "
517,OTHER MUSCULOSKELET SYS & CONN TISS O.R. PROC W/O CC/MCC,"$47,312.47 "
520,BACK & NECK PROC EXC SPINAL FUSION W/O CC/MCC,"$45,654.49 "
534,FRACTURES OF FEMUR W/O MCC,"$48,703.89 "
535,FRACTURES OF HIP & PELVIS W MCC,"$35,394.41 "
536,FRACTURES OF HIP & PELVIS W/O MCC,"$30,533.25 "
537,"SPRAINS, STRAINS, & DISLOCATIONS OF HIP, PELVIS & THIGH W CC/MCC","$39,586.09 "
539,OSTEOMYELITIS W MCC,"$13,806.96 "
540,OSTEOMYELITIS W CC,"$54,041.62 "
541,OSTEOMYELITIS W/O CC/MCC,"$16,076.00 "
542,PATHOLOGICAL FRACTURES & MUSCULOSKELET & CONN TISS MALIG W MCC,"$52,595.27 "
543,PATHOLOGICAL FRACTURES & MUSCULOSKELET & CONN TISS MALIG W CC,"$15,865.81 "
544,PATHOLOGICAL FRACTURES & MUSCULOSKELET & CONN TISS MALIG W/O CC/MCC,"$89,245.94 "
545,CONNECTIVE TISSUE DISORDERS W MCC,"$31,639.53 "
546,CONNECTIVE TISSUE DISORDERS W CC,"$19,444.26 "
547,CONNECTIVE TISSUE DISORDERS W/O CC/MCC,"$32,446.10 "
548,SEPTIC ARTHRITIS W MCC,"$157,133.25 "
549,SEPTIC ARTHRITIS W CC,"$44,092.74 "
550,SEPTIC ARTHRITIS W/O CC/MCC,"$25,524.27 "
551,MEDICAL BACK PROBLEMS W MCC,"$41,963.59 "
552,MEDICAL BACK PROBLEMS W/O MCC,"$30,464.05 "
553,BONE DISEASES & ARTHROPATHIES W MCC,"$42,006.99 "
554,BONE DISEASES & ARTHROPATHIES W/O MCC,"$16,848.55 "
556,SIGNS & SYMPTOMS OF MUSCULOSKELETAL SYSTEM & CONN TISSUE W/O MCC,"$29,505.87 "
557,"TENDONITIS, MYOSITIS & BURSITIS W MCC","$44,801.00 "
558,"TENDONITIS, MYOSITIS & BURSITIS W/O MCC","$17,931.98 "
559,"AFTERCARE, MUSCULOSKELETAL SYSTEM & CONNECTIVE TISSUE W MCC","$60,678.29 "
560,"AFTERCARE, MUSCULOSKELETAL SYSTEM & CONNECTIVE TISSUE W CC","$38,337.83 "
561,"AFTERCARE, MUSCULOSKELETAL SYSTEM & CONNECTIVE TISSUE W/O CC/MCC","$23,997.44 "
562,"FX, SPRN, STRN & DISL EXCEPT FEMUR, HIP, PELVIS & THIGH W MCC","$52,076.49 "
563,"FX, SPRN, STRN & DISL EXCEPT FEMUR, HIP, PELVIS & THIGH W/O MCC","$25,968.68 "
564,OTHER MUSCULOSKELETAL SYS & CONNECTIVE TISSUE DIAGNOSES W MCC,"$40,133.49 "
565,OTHER MUSCULOSKELETAL SYS & CONNECTIVE TISSUE DIAGNOSES W CC,"$27,778.89 "
566,OTHER MUSCULOSKELETAL SYS & CONNECTIVE TISSUE DIAGNOSES W/O CC/MCC,"$24,169.26 "
570,SKIN DEBRIDEMENT W MCC,"$88,649.01 "
571,SKIN DEBRIDEMENT W CC,"$68,820.17 "
572,SKIN DEBRIDEMENT W/O CC/MCC,"$34,492.40 "
578,SKIN GRAFT EXC FOR SKIN ULCER OR CELLULITIS W/O CC/MCC,"$18,842.49 "
579,"OTHER SKIN, SUBCUT TISS & BREAST PROC W MCC","$53,338.17 "
580,"OTHER SKIN, SUBCUT TISS & BREAST PROC W CC","$34,890.66 "
581,"OTHER SKIN, SUBCUT TISS & BREAST PROC W/O CC/MCC","$20,562.63 "
582,MASTECTOMY FOR MALIGNANCY W CC/MCC,"$70,248.16 "
584,"BREAST BIOPSY, LOCAL EXCISION & OTHER BREAST PROCEDURES W CC/MCC","$11,406.96 "
585,"BREAST BIOPSY, LOCAL EXCISION & OTHER BREAST PROCEDURES W/O CC/MCC","$69,327.29 "
592,SKIN ULCERS W MCC,"$34,003.91 "
593,SKIN ULCERS W CC,"$25,180.90 "
594,SKIN ULCERS W/O CC/MCC,"$19,236.23 "
595,MAJOR SKIN DISORDERS W MCC,"$37,418.67 "
596,MAJOR SKIN DISORDERS W/O MCC,"$10,514.24 "
598,MALIGNANT BREAST DISORDERS W CC,"$34,060.03 "
600,NON-MALIGNANT BREAST DISORDERS W CC/MCC,"$26,667.26 "
601,NON-MALIGNANT BREAST DISORDERS W/O CC/MCC,"$17,146.01 "
602,CELLULITIS W MCC,"$44,119.70 "
603,CELLULITIS W/O MCC,"$21,304.63 "
605,"TRAUMA TO THE SKIN, SUBCUT TISS & BREAST W/O MCC","$22,466.19 "
607,MINOR SKIN DISORDERS W/O MCC,"$23,650.34 "
614,ADRENAL & PITUITARY PROCEDURES W CC/MCC,"$78,411.82 "
615,ADRENAL & PITUITARY PROCEDURES W/O CC/MCC,"$53,564.75 "
616,"AMPUTAT OF LOWER LIMB FOR ENDOCRINE,NUTRIT,& METABOL DIS W MCC","$152,948.24 "
617,"AMPUTAT OF LOWER LIMB FOR ENDOCRINE,NUTRIT,& METABOL DIS W CC","$50,895.93 "
618,"AMPUTAT OF LOWER LIMB FOR ENDOCRINE,NUTRIT,& METABOL DIS W/O CC/MCC","$20,311.34 "
621,O.R. PROCEDURES FOR OBESITY W/O CC/MCC,"$27,724.47 "
623,"SKIN GRAFTS & WOUND DEBRID FOR ENDOC, NUTRIT & METAB DIS W CC","$45,517.30 "
625,"THYROID, PARATHYROID & THYROGLOSSAL PROCEDURES W MCC","$166,877.45 "
626,"THYROID, PARATHYROID & THYROGLOSSAL PROCEDURES W CC","$55,993.10 "
627,"THYROID, PARATHYROID & THYROGLOSSAL PROCEDURES W/O CC/MCC","$33,464.41 "
628,"OTHER ENDOCRINE, NUTRIT & METAB O.R. PROC W MCC","$81,691.05 "
629,"OTHER ENDOCRINE, NUTRIT & METAB O.R. PROC W CC","$49,144.86 "
637,DIABETES W MCC,"$44,945.88 "
638,DIABETES W CC,"$26,376.78 "
639,DIABETES W/O CC/MCC,"$17,361.25 "
640,"MISC DISORDERS OF NUTRITION,METABOLISM,FLUIDS/ELECTROLYTES W MCC","$36,046.11 "
641,"MISC DISORDERS OF NUTRITION,METABOLISM,FLUIDS/ELECTROLYTES W/O MCC","$19,153.37 "
642,INBORN AND OTHER DISORDERS OF METABOLISM,"$24,523.05 "
643,ENDOCRINE DISORDERS W MCC,"$41,791.80 "
644,ENDOCRINE DISORDERS W CC,"$28,545.88 "
645,ENDOCRINE DISORDERS W/O CC/MCC,"$24,079.63 "
653,MAJOR BLADDER PROCEDURES W MCC,"$94,263.06 "
654,MAJOR BLADDER PROCEDURES W CC,"$27,531.60 "
656,KIDNEY & URETER PROCEDURES FOR NEOPLASM W MCC,"$69,966.91 "
657,KIDNEY & URETER PROCEDURES FOR NEOPLASM W CC,"$56,872.82 "
658,KIDNEY & URETER PROCEDURES FOR NEOPLASM W/O CC/MCC,"$47,487.70 "
659,KIDNEY & URETER PROCEDURES FOR NON-NEOPLASM W MCC,"$29,214.39 "
660,KIDNEY & URETER PROCEDURES FOR NON-NEOPLASM W CC,"$54,085.63 "
661,KIDNEY & URETER PROCEDURES FOR NON-NEOPLASM W/O CC/MCC,"$36,409.50 "
662,MINOR BLADDER PROCEDURES W MCC,"$27,893.07 "
663,MINOR BLADDER PROCEDURES W CC,"$41,831.39 "
665,PROSTATECTOMY W MCC,"$73,576.24 "
666,PROSTATECTOMY W CC,"$36,494.55 "
667,PROSTATECTOMY W/O CC/MCC,"$17,969.68 "
668,TRANSURETHRAL PROCEDURES W MCC,"$110,457.37 "
669,TRANSURETHRAL PROCEDURES W CC,"$29,648.41 "
670,TRANSURETHRAL PROCEDURES W/O CC/MCC,"$29,453.09 "
673,OTHER KIDNEY & URINARY TRACT PROCEDURES W MCC,"$91,177.68 "
674,OTHER KIDNEY & URINARY TRACT PROCEDURES W CC,"$56,625.96 "
682,RENAL FAILURE W MCC,"$41,938.83 "
683,RENAL FAILURE W CC,"$26,357.74 "
684,RENAL FAILURE W/O CC/MCC,"$16,300.72 "
686,KIDNEY & URINARY TRACT NEOPLASMS W MCC,"$38,994.64 "
687,KIDNEY & URINARY TRACT NEOPLASMS W CC,"$12,190.07 "
688,KIDNEY & URINARY TRACT NEOPLASMS W/O CC/MCC,"$15,673.75 "
689,KIDNEY & URINARY TRACT INFECTIONS W MCC,"$37,416.11 "
690,KIDNEY & URINARY TRACT INFECTIONS W/O MCC,"$21,934.92 "
693,URINARY STONES W/O ESW LITHOTRIPSY W MCC,"$36,779.39 "
694,URINARY STONES W/O ESW LITHOTRIPSY W/O MCC,"$15,589.41 "
695,KIDNEY & URINARY TRACT SIGNS & SYMPTOMS W MCC,"$45,601.25 "
696,KIDNEY & URINARY TRACT SIGNS & SYMPTOMS W/O MCC,"$13,838.65 "
697,URETHRAL STRICTURE,"$25,163.15 "
698,OTHER KIDNEY & URINARY TRACT DIAGNOSES W MCC,"$42,853.69 "
699,OTHER KIDNEY & URINARY TRACT DIAGNOSES W CC,"$23,426.71 "
700,OTHER KIDNEY & URINARY TRACT DIAGNOSES W/O CC/MCC,"$19,949.09 "
707,MAJOR MALE PELVIC PROCEDURES W CC/MCC,"$80,646.60 "
708,MAJOR MALE PELVIC PROCEDURES W/O CC/MCC,"$59,412.69 "
710,PENIS PROCEDURES W/O CC/MCC,"$19,577.47 "
713,TRANSURETHRAL PROSTATECTOMY W CC/MCC,"$36,968.24 "
714,TRANSURETHRAL PROSTATECTOMY W/O CC/MCC,"$47,225.77 "
715,OTHER MALE REPRODUCTIVE SYSTEM O.R. PROC FOR MALIGNANCY W CC/MCC,"$77,395.02 "
716,OTHER MALE REPRODUCTIVE SYSTEM O.R. PROC FOR MALIGNANCY W/O CC/MCC,"$36,510.73 "
717,OTHER MALE REPRODUCTIVE SYSTEM O.R. PROC EXC MALIGNANCY W CC/MCC,"$15,389.57 "
722,"MALIGNANCY, MALE REPRODUCTIVE SYSTEM W MCC","$49,820.94 "
723,"MALIGNANCY, MALE REPRODUCTIVE SYSTEM W CC","$29,619.92 "
726,BENIGN PROSTATIC HYPERTROPHY W/O MCC,"$20,345.07 "
727,INFLAMMATION OF THE MALE REPRODUCTIVE SYSTEM W MCC,"$43,267.56 "
728,INFLAMMATION OF THE MALE REPRODUCTIVE SYSTEM W/O MCC,"$20,254.68 "
742,UTERINE & ADNEXA PROC FOR NON-MALIGNANCY W CC/MCC,"$44,331.41 "
743,UTERINE & ADNEXA PROC FOR NON-MALIGNANCY W/O CC/MCC,"$28,564.36 "
744,"D&C, CONIZATION, LAPAROSCOPY & TUBAL INTERRUPTION W CC/MCC","$29,827.14 "
745,"D&C, CONIZATION, LAPAROSCOPY & TUBAL INTERRUPTION W/O CC/MCC","$13,394.82 "
746,"VAGINA, CERVIX & VULVA PROCEDURES W CC/MCC","$40,201.11 "
747,"VAGINA, CERVIX & VULVA PROCEDURES W/O CC/MCC","$14,488.24 "
754,"MALIGNANCY, FEMALE REPRODUCTIVE SYSTEM W MCC","$90,764.43 "
755,"MALIGNANCY, FEMALE REPRODUCTIVE SYSTEM W CC","$47,554.35 "
757,"INFECTIONS, FEMALE REPRODUCTIVE SYSTEM W MCC","$84,275.31 "
758,"INFECTIONS, FEMALE REPRODUCTIVE SYSTEM W CC","$23,392.67 "
759,"INFECTIONS, FEMALE REPRODUCTIVE SYSTEM W/O CC/MCC","$17,021.73 "
760,MENSTRUAL & OTHER FEMALE REPRODUCTIVE SYSTEM DISORDERS W CC/MCC,"$21,062.06 "
761,MENSTRUAL & OTHER FEMALE REPRODUCTIVE SYSTEM DISORDERS W/O CC/MCC,"$13,048.42 "
765,CESAREAN SECTION W CC/MCC,"$24,002.53 "
766,CESAREAN SECTION W/O CC/MCC,"$15,007.26 "
767,VAGINAL DELIVERY W STERILIZATION &/OR D&C,"$14,280.43 "
768,VAGINAL DELIVERY W O.R. PROC EXCEPT STERIL &/OR D&C,"$10,282.75 "
769,POSTPARTUM & POST ABORTION DIAGNOSES W O.R. PROCEDURE,"$12,162.46 "
770,"ABORTION W D&C, ASPIRATION CURETTAGE OR HYSTEROTOMY","$13,374.29 "
774,VAGINAL DELIVERY W COMPLICATING DIAGNOSES,"$11,379.18 "
775,VAGINAL DELIVERY W/O COMPLICATING DIAGNOSES,"$9,832.91 "
776,POSTPARTUM & POST ABORTION DIAGNOSES W/O O.R. PROCEDURE,"$13,794.07 "
777,ECTOPIC PREGNANCY,"$16,739.73 "
778,THREATENED ABORTION,"$11,552.96 "
779,ABORTION W/O D&C,"$7,183.84 "
780,FALSE LABOR,"$7,983.18 "
781,OTHER ANTEPARTUM DIAGNOSES W MEDICAL COMPLICATIONS,"$15,479.37 "
782,OTHER ANTEPARTUM DIAGNOSES W/O MEDICAL COMPLICATIONS,"$11,626.59 "
786,CESAREAN SECTION W/O STERILIZATION W MCC,"$32,174.35 "
787,CESAREAN SECTION W/O STERILIZATION W CC,"$21,910.48 "
788,CESAREAN SECTION W/O STERILIZATION W/O CC/MCC,"$14,889.67 "
789,"NEONATES, DIED OR TRANSFERRED TO ANOTHER ACUTE CARE FACILITY","$81,503.58 "
790,"EXTREME IMMATURITY OR RESPIRATORY DISTRESS SYNDROME, NEONATE","$215,712.87 "
791,PREMATURITY W MAJOR PROBLEMS,"$130,077.85 "
792,PREMATURITY W/O MAJOR PROBLEMS,"$21,202.25 "
793,FULL TERM NEONATE W MAJOR PROBLEMS,"$40,386.74 "
794,NEONATE W OTHER SIGNIFICANT PROBLEMS,"$3,452.21 "
795,NORMAL NEWBORN,"$1,721.12 "
799,SPLENECTOMY W MCC,"$92,608.45 "
802,OTHER O.R. PROC OF THE BLOOD & BLOOD FORMING ORGANS W MCC,"$13,875.67 "
803,OTHER O.R. PROC OF THE BLOOD & BLOOD FORMING ORGANS W CC,"$82,769.13 "
804,OTHER O.R. PROC OF THE BLOOD & BLOOD FORMING ORGANS W/O CC/MCC,"$18,532.34 "
805,VAGINAL DELIVERY W/O STERILIZATION/D&C W MCC,"$14,652.79 "
806,VAGINAL DELIVERY W/O STERILIZATION/D&C W CC,"$10,563.41 "
807,VAGINAL DELIVERY W/O STERILIZATION/D&C W/O CC/MCC,"$9,970.82 "
808,MAJOR HEMATOL/IMMUN DIAG EXC SICKLE CELL CRISIS & COAGUL W MCC,"$79,895.12 "
809,MAJOR HEMATOL/IMMUN DIAG EXC SICKLE CELL CRISIS & COAGUL W CC,"$23,057.09 "
810,MAJOR HEMATOL/IMMUN DIAG EXC SICKLE CELL CRISIS & COAGUL W/O CC/MCC,"$33,106.03 "
811,RED BLOOD CELL DISORDERS W MCC,"$32,365.30 "
812,RED BLOOD CELL DISORDERS W/O MCC,"$20,982.15 "
813,COAGULATION DISORDERS,"$131,457.49 "
815,RETICULOENDOTHELIAL & IMMUNITY DISORDERS W CC,"$17,487.56 "
816,RETICULOENDOTHELIAL & IMMUNITY DISORDERS W/O CC/MCC,"$8,270.52 "
817,OTHER ANTEPARTUM DIAGNOSES W O.R. PROCEDURE W MCC,"$8,160.12 "
819,OTHER ANTEPARTUM DIAGNOSES W O.R. PROCEDURE W/O CC/MCC,"$12,375.74 "
820,LYMPHOMA & LEUKEMIA W MAJOR O.R. PROCEDURE W MCC,"$286,065.80 "
821,LYMPHOMA & LEUKEMIA W MAJOR O.R. PROCEDURE W CC,"$75,232.36 "
823,LYMPHOMA & NON-ACUTE LEUKEMIA W OTHER PROC W MCC,"$76,184.57 "
824,LYMPHOMA & NON-ACUTE LEUKEMIA W OTHER PROC W CC,"$69,401.14 "
830,MYELOPROLIFERATIVE DISORDERS OR POORLY DIFFERENTIATED NEOPLASMS W OTHER PROCEDURE W/O CC/MCC,"$40,537.31 "
831,OTHER ANTEPARTUM DIAGNOSES W/O O.R. PROCEDURE W MCC,"$15,370.01 "
832,OTHER ANTEPARTUM DIAGNOSES W/O O.R. PROCEDURE W CC,"$14,291.31 "
833,OTHER ANTEPARTUM DIAGNOSES W/O O.R. PROCEDURE W/O CC/MCC,"$16,296.28 "
840,LYMPHOMA & NON-ACUTE LEUKEMIA W MCC,"$113,817.65 "
841,LYMPHOMA & NON-ACUTE LEUKEMIA W CC,"$29,637.29 "
843,OTHER MYELOPROLIF DIS OR POORLY DIFF NEOPL DIAG W MCC,"$36,070.38 "
844,OTHER MYELOPROLIF DIS OR POORLY DIFF NEOPL DIAG W CC,"$45,637.25 "
853,INFECTIOUS & PARASITIC DISEASES W O.R. PROCEDURE W MCC,"$142,395.23 "
854,INFECTIOUS & PARASITIC DISEASES W O.R. PROCEDURE W CC,"$57,917.72 "
856,POSTOPERATIVE OR POST-TRAUMATIC INFECTIONS W O.R. PROC W MCC,"$89,010.11 "
857,POSTOPERATIVE OR POST-TRAUMATIC INFECTIONS W O.R. PROC W CC,"$39,132.77 "
858,POSTOPERATIVE OR POST-TRAUMATIC INFECTIONS W O.R. PROC W/O CC/MCC,"$67,873.44 "
862,POSTOPERATIVE & POST-TRAUMATIC INFECTIONS W MCC,"$51,416.67 "
863,POSTOPERATIVE & POST-TRAUMATIC INFECTIONS W/O MCC,"$29,836.76 "
864,FEVER AND INFLAMMATORY CONDITIONS,"$21,089.96 "
865,VIRAL ILLNESS W MCC,"$82,743.42 "
866,VIRAL ILLNESS W/O MCC,"$27,307.60 "
867,OTHER INFECTIOUS & PARASITIC DISEASES DIAGNOSES W MCC,"$66,464.13 "
869,OTHER INFECTIOUS & PARASITIC DISEASES DIAGNOSES W/O CC/MCC,"$22,330.74 "
870,SEPTICEMIA OR SEVERE SEPSIS W MV >96 HOURS OR PERIPHERAL EXTRACORPOREAL MEMBRANE OXYGENATION (ECMO),"$171,178.48 "
871,SEPTICEMIA OR SEVERE SEPSIS W/O MV >96 HOURS W MCC,"$53,436.68 "
872,SEPTICEMIA OR SEVERE SEPSIS W/O MV >96 HOURS W/O MCC,"$33,703.93 "
880,ACUTE ADJUSTMENT REACTION & PSYCHOSOCIAL DYSFUNCTION,"$22,466.03 "
882,NEUROSES EXCEPT DEPRESSIVE,"$21,102.65 "
884,ORGANIC DISTURBANCES & INTELLECTUAL DISABILITY,"$50,449.70 "
885,PSYCHOSES,"$20,416.13 "
887,OTHER MENTAL DISORDER DIAGNOSES,"$24,931.02 "
894,"ALCOHOL/DRUG ABUSE OR DEPENDENCE, LEFT AMA","$10,598.78 "
896,ALCOHOL/DRUG ABUSE OR DEPENDENCE W/O REHABILITATION THERAPY W MCC,"$57,138.63 "
897,ALCOHOL/DRUG ABUSE OR DEPENDENCE W/O REHABILITATION THERAPY W/O MCC,"$27,045.29 "
901,WOUND DEBRIDEMENTS FOR INJURIES W MCC,"$24,600.91 "
902,WOUND DEBRIDEMENTS FOR INJURIES W CC,"$32,435.39 "
906,HAND PROCEDURES FOR INJURIES,"$21,193.28 "
907,OTHER O.R. PROCEDURES FOR INJURIES W MCC,"$116,739.96 "
908,OTHER O.R. PROCEDURES FOR INJURIES W CC,"$43,809.51 "
909,OTHER O.R. PROCEDURES FOR INJURIES W/O CC/MCC,"$22,831.21 "
914,TRAUMATIC INJURY W/O MCC,"$32,199.17 "
915,ALLERGIC REACTIONS W MCC,"$50,970.63 "
916,ALLERGIC REACTIONS W/O MCC,"$25,273.21 "
917,POISONING & TOXIC EFFECTS OF DRUGS W MCC,"$50,604.85 "
918,POISONING & TOXIC EFFECTS OF DRUGS W/O MCC,"$28,931.49 "
919,COMPLICATIONS OF TREATMENT W MCC,"$51,997.68 "
920,COMPLICATIONS OF TREATMENT W CC,"$23,751.82 "
921,COMPLICATIONS OF TREATMENT W/O CC/MCC,"$5,528.00 "
923,"OTHER INJURY, POISONING & TOXIC EFFECT DIAG W/O MCC","$20,904.50 "
939,O.R. PROC W DIAGNOSES OF OTHER CONTACT W HEALTH SERVICES W MCC,"$115,630.86 "
941,O.R. PROC W DIAGNOSES OF OTHER CONTACT W HEALTH SERVICES W/O CC/MCC,"$14,239.44 "
945,REHABILITATION W CC/MCC,"$45,596.67 "
946,REHABILITATION W/O CC/MCC,"$33,829.23 "
947,SIGNS & SYMPTOMS W MCC,"$35,620.28 "
948,SIGNS & SYMPTOMS W/O MCC,"$28,261.51 "
949,AFTERCARE W CC/MCC,"$54,934.25 "
950,AFTERCARE W/O CC/MCC,"$20,145.05 "
951,OTHER FACTORS INFLUENCING HEALTH STATUS,"$12,096.15 "
956,"LIMB REATTACHMENT, HIP & FEMUR PROC FOR MULTIPLE SIGNIFICANT TRAUMA","$85,671.82 "
957,OTHER O.R. PROCEDURES FOR MULTIPLE SIGNIFICANT TRAUMA W MCC,"$131,187.14 "
963,OTHER MULTIPLE SIGNIFICANT TRAUMA W MCC,"$166,139.59 "
964,OTHER MULTIPLE SIGNIFICANT TRAUMA W CC,"$46,346.64 "
965,OTHER MULTIPLE SIGNIFICANT TRAUMA W/O CC/MCC,"$28,731.15 "
974,HIV W MAJOR RELATED CONDITION W MCC,"$143,677.11 "
975,HIV W MAJOR RELATED CONDITION W CC,"$44,188.79 "
976,HIV W MAJOR RELATED CONDITION W/O CC/MCC,"$28,485.87 "
977,HIV W OR W/O OTHER RELATED CONDITION,"$54,656.68 "
981,EXTENSIVE O.R. PROCEDURE UNRELATED TO PRINCIPAL DIAGNOSIS W MCC,"$119,513.06 "
982,EXTENSIVE O.R. PROCEDURE UNRELATED TO PRINCIPAL DIAGNOSIS W CC,"$64,499.93 "
983,EXTENSIVE O.R. PROCEDURE UNRELATED TO PRINCIPAL DIAGNOSIS W/O CC/MCC,"$45,233.42 "
987,NON-EXTENSIVE O.R. PROC UNRELATED TO PRINCIPAL DIAGNOSIS W MCC,"$86,942.71 "
988,NON-EXTENSIVE O.R. PROC UNRELATED TO PRINCIPAL DIAGNOSIS W CC,"$44,952.74 "
989,NON-EXTENSIVE O.R. PROC UNRELATED TO PRINCIPAL DIAGNOSIS W/O CC/MCC,"$29,309.17 "
999,UNGROUPABLE,"$31,123.10 "