"DRG Summary for Medicare Inpatient Prospective Payment Hospitals, FY2016",,,,,,,,,,,
Hospitals with fewer than 11 discharges within a DRG have been suppressed for that DRG,,,,,,,,,,,
DRG Definition,Provider Id,Provider Name,Provider Street Address,Provider City,Provider State,Provider Zip Code,Hospital Referral Region (HRR) Description,Total Discharges,Average Covered Charges,Average Total Payments,Average Medicare Payments
"003 - ECMO OR TRACH W MV >96 HRS OR PDX EXC FACE, MOUTH & NECK W MAJ O.R.",330393,UNIVERSITY HOSPITAL ( STONY BROOK ),HEALTH SCIENCES CENTER SUNY,STONY BROOK,NY,11794,NY - East Long Island,54,"$691,610.54","$216,819.00","$173,915.87"
"004 - TRACH W MV >96 HRS OR PDX EXC FACE, MOUTH & NECK W/O MAJ O.R.",330393,UNIVERSITY HOSPITAL ( STONY BROOK ),HEALTH SCIENCES CENTER SUNY,STONY BROOK,NY,11794,NY - East Long Island,19,"$601,543.58","$151,464.47","$129,722.63"
023 - CRANIO W MAJOR DEV IMPL/ACUTE COMPLEX CNS PDX W MCC OR CHEMO IMPLANT,330393,UNIVERSITY HOSPITAL ( STONY BROOK ),HEALTH SCIENCES CENTER SUNY,STONY BROOK,NY,11794,NY - East Long Island,44,"$186,747.73","$57,054.27","$45,956.32"
025 - CRANIOTOMY & ENDOVASCULAR INTRACRANIAL PROCEDURES W MCC,330393,UNIVERSITY HOSPITAL ( STONY BROOK ),HEALTH SCIENCES CENTER SUNY,STONY BROOK,NY,11794,NY - East Long Island,44,"$148,500.36","$48,063.77","$39,003.25"
026 - CRANIOTOMY & ENDOVASCULAR INTRACRANIAL PROCEDURES W CC,330393,UNIVERSITY HOSPITAL ( STONY BROOK ),HEALTH SCIENCES CENTER SUNY,STONY BROOK,NY,11794,NY - East Long Island,17,"$95,262.88","$31,171.71","$28,541.35"
038 - EXTRACRANIAL PROCEDURES W CC,330393,UNIVERSITY HOSPITAL ( STONY BROOK ),HEALTH SCIENCES CENTER SUNY,STONY BROOK,NY,11794,NY - East Long Island,15,"$43,333.60","$16,334.33","$14,738.27"
039 - EXTRACRANIAL PROCEDURES W/O CC/MCC,330393,UNIVERSITY HOSPITAL ( STONY BROOK ),HEALTH SCIENCES CENTER SUNY,STONY BROOK,NY,11794,NY - East Long Island,23,"$31,770.30","$12,457.61","$8,112.17"
054 - NERVOUS SYSTEM NEOPLASMS W MCC,330393,UNIVERSITY HOSPITAL ( STONY BROOK ),HEALTH SCIENCES CENTER SUNY,STONY BROOK,NY,11794,NY - East Long Island,25,"$70,386.20","$17,474.40","$14,078.00"
056 - DEGENERATIVE NERVOUS SYSTEM DISORDERS W MCC,330393,UNIVERSITY HOSPITAL ( STONY BROOK ),HEALTH SCIENCES CENTER SUNY,STONY BROOK,NY,11794,NY - East Long Island,19,"$88,964.00","$22,792.00","$18,417.74"
057 - DEGENERATIVE NERVOUS SYSTEM DISORDERS W/O MCC,330393,UNIVERSITY HOSPITAL ( STONY BROOK ),HEALTH SCIENCES CENTER SUNY,STONY BROOK,NY,11794,NY - East Long Island,31,"$46,391.16","$12,310.84","$10,053.97"
064 - INTRACRANIAL HEMORRHAGE OR CEREBRAL INFARCTION W MCC,330393,UNIVERSITY HOSPITAL ( STONY BROOK ),HEALTH SCIENCES CENTER SUNY,STONY BROOK,NY,11794,NY - East Long Island,116,"$92,390.61","$22,710.59","$17,110.29"
065 - INTRACRANIAL HEMORRHAGE OR CEREBRAL INFARCTION W CC OR TPA IN 24 HRS,330393,UNIVERSITY HOSPITAL ( STONY BROOK ),HEALTH SCIENCES CENTER SUNY,STONY BROOK,NY,11794,NY - East Long Island,98,"$62,622.59","$12,462.14","$9,602.16"
066 - INTRACRANIAL HEMORRHAGE OR CEREBRAL INFARCTION W/O CC/MCC,330393,UNIVERSITY HOSPITAL ( STONY BROOK ),HEALTH SCIENCES CENTER SUNY,STONY BROOK,NY,11794,NY - East Long Island,31,"$48,989.90","$9,035.35","$7,118.97"
069 - TRANSIENT ISCHEMIA,330393,UNIVERSITY HOSPITAL ( STONY BROOK ),HEALTH SCIENCES CENTER SUNY,STONY BROOK,NY,11794,NY - East Long Island,31,"$46,833.94","$9,716.03","$7,456.84"
070 - NONSPECIFIC CEREBROVASCULAR DISORDERS W MCC,330393,UNIVERSITY HOSPITAL ( STONY BROOK ),HEALTH SCIENCES CENTER SUNY,STONY BROOK,NY,11794,NY - East Long Island,11,"$59,200.55","$17,195.27","$15,053.18"
071 - NONSPECIFIC CEREBROVASCULAR DISORDERS W CC,330393,UNIVERSITY HOSPITAL ( STONY BROOK ),HEALTH SCIENCES CENTER SUNY,STONY BROOK,NY,11794,NY - East Long Island,16,"$47,504.75","$11,907.50","$9,115.13"
073 - CRANIAL & PERIPHERAL NERVE DISORDERS W MCC,330393,UNIVERSITY HOSPITAL ( STONY BROOK ),HEALTH SCIENCES CENTER SUNY,STONY BROOK,NY,11794,NY - East Long Island,11,"$33,613.45","$15,265.73","$11,875.64"
074 - CRANIAL & PERIPHERAL NERVE DISORDERS W/O MCC,330393,UNIVERSITY HOSPITAL ( STONY BROOK ),HEALTH SCIENCES CENTER SUNY,STONY BROOK,NY,11794,NY - East Long Island,13,"$39,277.00","$11,024.23","$7,643.92"
"083 - TRAUMATIC STUPOR & COMA, COMA >1 HR W CC",330393,UNIVERSITY HOSPITAL ( STONY BROOK ),HEALTH SCIENCES CENTER SUNY,STONY BROOK,NY,11794,NY - East Long Island,11,"$63,360.45","$14,687.73","$12,476.73"
"085 - TRAUMATIC STUPOR & COMA, COMA <1 HR W MCC",330393,UNIVERSITY HOSPITAL ( STONY BROOK ),HEALTH SCIENCES CENTER SUNY,STONY BROOK,NY,11794,NY - East Long Island,18,"$96,144.50","$24,523.72","$21,345.94"
"086 - TRAUMATIC STUPOR & COMA, COMA <1 HR W CC",330393,UNIVERSITY HOSPITAL ( STONY BROOK ),HEALTH SCIENCES CENTER SUNY,STONY BROOK,NY,11794,NY - East Long Island,49,"$63,805.80","$13,215.16","$9,650.47"
"087 - TRAUMATIC STUPOR & COMA, COMA <1 HR W/O CC/MCC",330393,UNIVERSITY HOSPITAL ( STONY BROOK ),HEALTH SCIENCES CENTER SUNY,STONY BROOK,NY,11794,NY - East Long Island,19,"$38,240.74","$9,288.00","$6,741.32"
091 - OTHER DISORDERS OF NERVOUS SYSTEM W MCC,330393,UNIVERSITY HOSPITAL ( STONY BROOK ),HEALTH SCIENCES CENTER SUNY,STONY BROOK,NY,11794,NY - East Long Island,13,"$59,822.54","$17,188.00","$13,297.69"
092 - OTHER DISORDERS OF NERVOUS SYSTEM W CC,330393,UNIVERSITY HOSPITAL ( STONY BROOK ),HEALTH SCIENCES CENTER SUNY,STONY BROOK,NY,11794,NY - East Long Island,17,"$56,673.41","$14,765.41","$11,198.35"
093 - OTHER DISORDERS OF NERVOUS SYSTEM W/O CC/MCC,330393,UNIVERSITY HOSPITAL ( STONY BROOK ),HEALTH SCIENCES CENTER SUNY,STONY BROOK,NY,11794,NY - East Long Island,12,"$32,666.92","$8,423.67","$6,450.58"
100 - SEIZURES W MCC,330393,UNIVERSITY HOSPITAL ( STONY BROOK ),HEALTH SCIENCES CENTER SUNY,STONY BROOK,NY,11794,NY - East Long Island,20,"$75,871.55","$18,418.60","$15,268.50"
101 - SEIZURES W/O MCC,330393,UNIVERSITY HOSPITAL ( STONY BROOK ),HEALTH SCIENCES CENTER SUNY,STONY BROOK,NY,11794,NY - East Long Island,49,"$37,223.71","$9,317.69","$7,479.33"
149 - DYSEQUILIBRIUM,330393,UNIVERSITY HOSPITAL ( STONY BROOK ),HEALTH SCIENCES CENTER SUNY,STONY BROOK,NY,11794,NY - East Long Island,18,"$30,605.67","$8,166.06","$6,093.83"
153 - OTITIS MEDIA & URI W/O MCC,330393,UNIVERSITY HOSPITAL ( STONY BROOK ),HEALTH SCIENCES CENTER SUNY,STONY BROOK,NY,11794,NY - East Long Island,13,"$31,419.38","$8,879.85","$6,196.38"
164 - MAJOR CHEST PROCEDURES W CC,330393,UNIVERSITY HOSPITAL ( STONY BROOK ),HEALTH SCIENCES CENTER SUNY,STONY BROOK,NY,11794,NY - East Long Island,20,"$90,109.85","$32,390.80","$20,074.10"
166 - OTHER RESP SYSTEM O.R. PROCEDURES W MCC,330393,UNIVERSITY HOSPITAL ( STONY BROOK ),HEALTH SCIENCES CENTER SUNY,STONY BROOK,NY,11794,NY - East Long Island,13,"$166,554.54","$46,225.31","$40,927.77"
175 - PULMONARY EMBOLISM W MCC,330393,UNIVERSITY HOSPITAL ( STONY BROOK ),HEALTH SCIENCES CENTER SUNY,STONY BROOK,NY,11794,NY - East Long Island,27,"$57,212.04","$15,926.19","$13,683.78"
176 - PULMONARY EMBOLISM W/O MCC,330393,UNIVERSITY HOSPITAL ( STONY BROOK ),HEALTH SCIENCES CENTER SUNY,STONY BROOK,NY,11794,NY - East Long Island,18,"$42,847.39","$11,278.44","$8,355.33"
177 - RESPIRATORY INFECTIONS & INFLAMMATIONS W MCC,330393,UNIVERSITY HOSPITAL ( STONY BROOK ),HEALTH SCIENCES CENTER SUNY,STONY BROOK,NY,11794,NY - East Long Island,60,"$70,379.53","$20,927.27","$18,234.03"
178 - RESPIRATORY INFECTIONS & INFLAMMATIONS W CC,330393,UNIVERSITY HOSPITAL ( STONY BROOK ),HEALTH SCIENCES CENTER SUNY,STONY BROOK,NY,11794,NY - East Long Island,24,"$38,940.88","$14,554.17","$12,763.63"
180 - RESPIRATORY NEOPLASMS W MCC,330393,UNIVERSITY HOSPITAL ( STONY BROOK ),HEALTH SCIENCES CENTER SUNY,STONY BROOK,NY,11794,NY - East Long Island,23,"$80,436.70","$20,172.48","$15,999.04"
184 - MAJOR CHEST TRAUMA W CC,330393,UNIVERSITY HOSPITAL ( STONY BROOK ),HEALTH SCIENCES CENTER SUNY,STONY BROOK,NY,11794,NY - East Long Island,39,"$47,676.05","$11,560.41","$8,328.03"
189 - PULMONARY EDEMA & RESPIRATORY FAILURE,330393,UNIVERSITY HOSPITAL ( STONY BROOK ),HEALTH SCIENCES CENTER SUNY,STONY BROOK,NY,11794,NY - East Long Island,100,"$52,089.78","$14,555.01","$11,516.10"
190 - CHRONIC OBSTRUCTIVE PULMONARY DISEASE W MCC,330393,UNIVERSITY HOSPITAL ( STONY BROOK ),HEALTH SCIENCES CENTER SUNY,STONY BROOK,NY,11794,NY - East Long Island,53,"$37,246.02","$12,821.15","$10,614.87"
191 - CHRONIC OBSTRUCTIVE PULMONARY DISEASE W CC,330393,UNIVERSITY HOSPITAL ( STONY BROOK ),HEALTH SCIENCES CENTER SUNY,STONY BROOK,NY,11794,NY - East Long Island,25,"$36,113.68","$10,817.00","$8,999.36"
193 - SIMPLE PNEUMONIA & PLEURISY W MCC,330393,UNIVERSITY HOSPITAL ( STONY BROOK ),HEALTH SCIENCES CENTER SUNY,STONY BROOK,NY,11794,NY - East Long Island,86,"$48,281.28","$15,971.24","$12,724.07"
194 - SIMPLE PNEUMONIA & PLEURISY W CC,330393,UNIVERSITY HOSPITAL ( STONY BROOK ),HEALTH SCIENCES CENTER SUNY,STONY BROOK,NY,11794,NY - East Long Island,59,"$36,861.12","$10,847.85","$8,870.20"
202 - BRONCHITIS & ASTHMA W CC/MCC,330393,UNIVERSITY HOSPITAL ( STONY BROOK ),HEALTH SCIENCES CENTER SUNY,STONY BROOK,NY,11794,NY - East Long Island,20,"$52,410.05","$13,003.65","$10,833.80"
204 - RESPIRATORY SIGNS & SYMPTOMS,330393,UNIVERSITY HOSPITAL ( STONY BROOK ),HEALTH SCIENCES CENTER SUNY,STONY BROOK,NY,11794,NY - East Long Island,12,"$29,024.25","$8,589.25","$6,846.25"
206 - OTHER RESPIRATORY SYSTEM DIAGNOSES W/O MCC,330393,UNIVERSITY HOSPITAL ( STONY BROOK ),HEALTH SCIENCES CENTER SUNY,STONY BROOK,NY,11794,NY - East Long Island,13,"$40,343.85","$10,045.69","$7,295.62"
207 - RESPIRATORY SYSTEM DIAGNOSIS W VENTILATOR SUPPORT >96 HOURS,330393,UNIVERSITY HOSPITAL ( STONY BROOK ),HEALTH SCIENCES CENTER SUNY,STONY BROOK,NY,11794,NY - East Long Island,12,"$222,797.92","$63,862.08","$52,307.92"
208 - RESPIRATORY SYSTEM DIAGNOSIS W VENTILATOR SUPPORT <=96 HOURS,330393,UNIVERSITY HOSPITAL ( STONY BROOK ),HEALTH SCIENCES CENTER SUNY,STONY BROOK,NY,11794,NY - East Long Island,30,"$89,340.27","$27,578.07","$22,451.37"
216 - CARDIAC VALVE & OTH MAJ CARDIOTHORACIC PROC W CARD CATH W MCC,330393,UNIVERSITY HOSPITAL ( STONY BROOK ),HEALTH SCIENCES CENTER SUNY,STONY BROOK,NY,11794,NY - East Long Island,19,"$248,240.74","$98,985.47","$80,969.32"
220 - CARDIAC VALVE & OTH MAJ CARDIOTHORACIC PROC W/O CARD CATH W CC,330393,UNIVERSITY HOSPITAL ( STONY BROOK ),HEALTH SCIENCES CENTER SUNY,STONY BROOK,NY,11794,NY - East Long Island,15,"$110,510.27","$49,869.87","$47,135.87"
226 - CARDIAC DEFIBRILLATOR IMPLANT W/O CARDIAC CATH W MCC,330393,UNIVERSITY HOSPITAL ( STONY BROOK ),HEALTH SCIENCES CENTER SUNY,STONY BROOK,NY,11794,NY - East Long Island,13,"$240,540.38","$71,432.77","$67,919.31"
227 - CARDIAC DEFIBRILLATOR IMPLANT W/O CARDIAC CATH W/O MCC,330393,UNIVERSITY HOSPITAL ( STONY BROOK ),HEALTH SCIENCES CENTER SUNY,STONY BROOK,NY,11794,NY - East Long Island,24,"$155,580.29","$57,423.00","$50,352.13"
233 - CORONARY BYPASS W CARDIAC CATH W MCC,330393,UNIVERSITY HOSPITAL ( STONY BROOK ),HEALTH SCIENCES CENTER SUNY,STONY BROOK,NY,11794,NY - East Long Island,18,"$274,749.61","$78,498.50","$66,983.61"
234 - CORONARY BYPASS W CARDIAC CATH W/O MCC,330393,UNIVERSITY HOSPITAL ( STONY BROOK ),HEALTH SCIENCES CENTER SUNY,STONY BROOK,NY,11794,NY - East Long Island,36,"$160,113.31","$51,160.25","$45,382.97"
236 - CORONARY BYPASS W/O CARDIAC CATH W/O MCC,330393,UNIVERSITY HOSPITAL ( STONY BROOK ),HEALTH SCIENCES CENTER SUNY,STONY BROOK,NY,11794,NY - East Long Island,18,"$101,300.89","$36,924.72","$29,391.33"
242 - PERMANENT CARDIAC PACEMAKER IMPLANT W MCC,330393,UNIVERSITY HOSPITAL ( STONY BROOK ),HEALTH SCIENCES CENTER SUNY,STONY BROOK,NY,11794,NY - East Long Island,44,"$130,004.20","$38,295.43","$35,582.16"
243 - PERMANENT CARDIAC PACEMAKER IMPLANT W CC,330393,UNIVERSITY HOSPITAL ( STONY BROOK ),HEALTH SCIENCES CENTER SUNY,STONY BROOK,NY,11794,NY - East Long Island,48,"$91,286.98","$27,627.19","$24,618.52"
244 - PERMANENT CARDIAC PACEMAKER IMPLANT W/O CC/MCC,330393,UNIVERSITY HOSPITAL ( STONY BROOK ),HEALTH SCIENCES CENTER SUNY,STONY BROOK,NY,11794,NY - East Long Island,24,"$73,963.04","$22,907.83","$19,589.71"
245 - AICD GENERATOR PROCEDURES,330393,UNIVERSITY HOSPITAL ( STONY BROOK ),HEALTH SCIENCES CENTER SUNY,STONY BROOK,NY,11794,NY - East Long Island,14,"$213,945.14","$58,244.29","$45,014.79"
246 - PERC CARDIOVASC PROC W DRUG-ELUTING STENT W MCC OR 4+ VESSELS/STENTS,330393,UNIVERSITY HOSPITAL ( STONY BROOK ),HEALTH SCIENCES CENTER SUNY,STONY BROOK,NY,11794,NY - East Long Island,110,"$119,618.79","$35,870.35","$31,240.24"
247 - PERC CARDIOVASC PROC W DRUG-ELUTING STENT W/O MCC,330393,UNIVERSITY HOSPITAL ( STONY BROOK ),HEALTH SCIENCES CENTER SUNY,STONY BROOK,NY,11794,NY - East Long Island,203,"$75,220.41","$22,509.03","$19,340.52"
249 - PERC CARDIOVASC PROC W NON-DRUG-ELUTING STENT W/O MCC,330393,UNIVERSITY HOSPITAL ( STONY BROOK ),HEALTH SCIENCES CENTER SUNY,STONY BROOK,NY,11794,NY - East Long Island,12,"$79,163.17","$22,411.08","$16,289.92"
251 - PERC CARDIOVASC PROC W/O CORONARY ARTERY STENT W/O MCC,330393,UNIVERSITY HOSPITAL ( STONY BROOK ),HEALTH SCIENCES CENTER SUNY,STONY BROOK,NY,11794,NY - East Long Island,11,"$58,440.00","$17,074.36","$15,904.18"
252 - OTHER VASCULAR PROCEDURES W MCC,330393,UNIVERSITY HOSPITAL ( STONY BROOK ),HEALTH SCIENCES CENTER SUNY,STONY BROOK,NY,11794,NY - East Long Island,51,"$113,954.16","$37,721.75","$31,889.45"
253 - OTHER VASCULAR PROCEDURES W CC,330393,UNIVERSITY HOSPITAL ( STONY BROOK ),HEALTH SCIENCES CENTER SUNY,STONY BROOK,NY,11794,NY - East Long Island,46,"$79,859.98","$27,210.11","$25,076.37"
254 - OTHER VASCULAR PROCEDURES W/O CC/MCC,330393,UNIVERSITY HOSPITAL ( STONY BROOK ),HEALTH SCIENCES CENTER SUNY,STONY BROOK,NY,11794,NY - East Long Island,20,"$47,948.10","$19,222.65","$13,832.60"
266 - ENDOVASCULAR CARDIAC VALVE REPLACEMENT W MCC,330393,UNIVERSITY HOSPITAL ( STONY BROOK ),HEALTH SCIENCES CENTER SUNY,STONY BROOK,NY,11794,NY - East Long Island,12,"$231,240.17","$85,801.58","$81,705.50"
267 - ENDOVASCULAR CARDIAC VALVE REPLACEMENT W/O MCC,330393,UNIVERSITY HOSPITAL ( STONY BROOK ),HEALTH SCIENCES CENTER SUNY,STONY BROOK,NY,11794,NY - East Long Island,15,"$163,761.60","$62,852.93","$60,365.33"
269 - AORTIC AND HEART ASSIST PROCEDURES EXCEPT PULSATION BALLOON W/O MCC,330393,UNIVERSITY HOSPITAL ( STONY BROOK ),HEALTH SCIENCES CENTER SUNY,STONY BROOK,NY,11794,NY - East Long Island,31,"$92,813.06","$39,083.58","$37,428.71"
270 - OTHER MAJOR CARDIOVASCULAR PROCEDURES W MCC,330393,UNIVERSITY HOSPITAL ( STONY BROOK ),HEALTH SCIENCES CENTER SUNY,STONY BROOK,NY,11794,NY - East Long Island,33,"$175,111.15","$52,107.30","$48,398.79"
271 - OTHER MAJOR CARDIOVASCULAR PROCEDURES W CC,330393,UNIVERSITY HOSPITAL ( STONY BROOK ),HEALTH SCIENCES CENTER SUNY,STONY BROOK,NY,11794,NY - East Long Island,18,"$88,299.33","$34,337.89","$27,920.44"
273 - PERCUTANEOUS INTRACARDIAC PROCEDURES W MCC,330393,UNIVERSITY HOSPITAL ( STONY BROOK ),HEALTH SCIENCES CENTER SUNY,STONY BROOK,NY,11794,NY - East Long Island,27,"$153,207.30","$41,694.04","$30,764.26"
274 - PERCUTANEOUS INTRACARDIAC PROCEDURES W/O MCC,330393,UNIVERSITY HOSPITAL ( STONY BROOK ),HEALTH SCIENCES CENTER SUNY,STONY BROOK,NY,11794,NY - East Long Island,57,"$106,037.67","$26,883.53","$22,635.51"
"280 - ACUTE MYOCARDIAL INFARCTION, DISCHARGED ALIVE W MCC",330393,UNIVERSITY HOSPITAL ( STONY BROOK ),HEALTH SCIENCES CENTER SUNY,STONY BROOK,NY,11794,NY - East Long Island,102,"$70,868.66","$20,088.67","$15,689.70"
"281 - ACUTE MYOCARDIAL INFARCTION, DISCHARGED ALIVE W CC",330393,UNIVERSITY HOSPITAL ( STONY BROOK ),HEALTH SCIENCES CENTER SUNY,STONY BROOK,NY,11794,NY - East Long Island,80,"$37,825.00","$11,910.63","$9,103.74"
"282 - ACUTE MYOCARDIAL INFARCTION, DISCHARGED ALIVE W/O CC/MCC",330393,UNIVERSITY HOSPITAL ( STONY BROOK ),HEALTH SCIENCES CENTER SUNY,STONY BROOK,NY,11794,NY - East Long Island,22,"$22,879.59","$8,613.55","$7,522.91"
"286 - CIRCULATORY DISORDERS EXCEPT AMI, W CARD CATH W MCC",330393,UNIVERSITY HOSPITAL ( STONY BROOK ),HEALTH SCIENCES CENTER SUNY,STONY BROOK,NY,11794,NY - East Long Island,58,"$100,581.24","$26,166.74","$22,589.66"
"287 - CIRCULATORY DISORDERS EXCEPT AMI, W CARD CATH W/O MCC",330393,UNIVERSITY HOSPITAL ( STONY BROOK ),HEALTH SCIENCES CENTER SUNY,STONY BROOK,NY,11794,NY - East Long Island,177,"$35,116.01","$12,726.42","$10,630.49"
291 - HEART FAILURE & SHOCK W MCC,330393,UNIVERSITY HOSPITAL ( STONY BROOK ),HEALTH SCIENCES CENTER SUNY,STONY BROOK,NY,11794,NY - East Long Island,253,"$65,438.57","$17,570.98","$14,855.27"
292 - HEART FAILURE & SHOCK W CC,330393,UNIVERSITY HOSPITAL ( STONY BROOK ),HEALTH SCIENCES CENTER SUNY,STONY BROOK,NY,11794,NY - East Long Island,173,"$38,680.10","$11,178.17","$9,226.51"
293 - HEART FAILURE & SHOCK W/O CC/MCC,330393,UNIVERSITY HOSPITAL ( STONY BROOK ),HEALTH SCIENCES CENTER SUNY,STONY BROOK,NY,11794,NY - East Long Island,33,"$28,057.30","$7,964.94","$6,167.55"
299 - PERIPHERAL VASCULAR DISORDERS W MCC,330393,UNIVERSITY HOSPITAL ( STONY BROOK ),HEALTH SCIENCES CENTER SUNY,STONY BROOK,NY,11794,NY - East Long Island,24,"$62,317.71","$16,042.50","$13,789.63"
300 - PERIPHERAL VASCULAR DISORDERS W CC,330393,UNIVERSITY HOSPITAL ( STONY BROOK ),HEALTH SCIENCES CENTER SUNY,STONY BROOK,NY,11794,NY - East Long Island,40,"$39,235.60","$11,443.83","$9,032.35"
301 - PERIPHERAL VASCULAR DISORDERS W/O CC/MCC,330393,UNIVERSITY HOSPITAL ( STONY BROOK ),HEALTH SCIENCES CENTER SUNY,STONY BROOK,NY,11794,NY - East Long Island,11,"$31,942.18","$8,709.64","$6,253.18"
303 - ATHEROSCLEROSIS W/O MCC,330393,UNIVERSITY HOSPITAL ( STONY BROOK ),HEALTH SCIENCES CENTER SUNY,STONY BROOK,NY,11794,NY - East Long Island,52,"$25,934.38","$8,336.73","$5,539.13"
305 - HYPERTENSION W/O MCC,330393,UNIVERSITY HOSPITAL ( STONY BROOK ),HEALTH SCIENCES CENTER SUNY,STONY BROOK,NY,11794,NY - East Long Island,16,"$28,201.25","$7,964.44","$6,238.69"
308 - CARDIAC ARRHYTHMIA & CONDUCTION DISORDERS W MCC,330393,UNIVERSITY HOSPITAL ( STONY BROOK ),HEALTH SCIENCES CENTER SUNY,STONY BROOK,NY,11794,NY - East Long Island,58,"$48,377.00","$13,963.17","$11,319.50"
309 - CARDIAC ARRHYTHMIA & CONDUCTION DISORDERS W CC,330393,UNIVERSITY HOSPITAL ( STONY BROOK ),HEALTH SCIENCES CENTER SUNY,STONY BROOK,NY,11794,NY - East Long Island,91,"$35,101.48","$9,770.89","$7,241.78"
310 - CARDIAC ARRHYTHMIA & CONDUCTION DISORDERS W/O CC/MCC,330393,UNIVERSITY HOSPITAL ( STONY BROOK ),HEALTH SCIENCES CENTER SUNY,STONY BROOK,NY,11794,NY - East Long Island,62,"$24,215.29","$7,117.10","$4,930.35"
312 - SYNCOPE & COLLAPSE,330393,UNIVERSITY HOSPITAL ( STONY BROOK ),HEALTH SCIENCES CENTER SUNY,STONY BROOK,NY,11794,NY - East Long Island,73,"$36,281.52","$9,125.68","$7,287.66"
313 - CHEST PAIN,330393,UNIVERSITY HOSPITAL ( STONY BROOK ),HEALTH SCIENCES CENTER SUNY,STONY BROOK,NY,11794,NY - East Long Island,66,"$27,097.05","$7,968.17","$6,222.98"
314 - OTHER CIRCULATORY SYSTEM DIAGNOSES W MCC,330393,UNIVERSITY HOSPITAL ( STONY BROOK ),HEALTH SCIENCES CENTER SUNY,STONY BROOK,NY,11794,NY - East Long Island,47,"$82,036.89","$23,283.68","$19,485.43"
315 - OTHER CIRCULATORY SYSTEM DIAGNOSES W CC,330393,UNIVERSITY HOSPITAL ( STONY BROOK ),HEALTH SCIENCES CENTER SUNY,STONY BROOK,NY,11794,NY - East Long Island,38,"$49,668.63","$11,516.29","$8,827.26"
"326 - STOMACH, ESOPHAGEAL & DUODENAL PROC W MCC",330393,UNIVERSITY HOSPITAL ( STONY BROOK ),HEALTH SCIENCES CENTER SUNY,STONY BROOK,NY,11794,NY - East Long Island,23,"$312,979.87","$87,244.00","$71,978.96"
"327 - STOMACH, ESOPHAGEAL & DUODENAL PROC W CC",330393,UNIVERSITY HOSPITAL ( STONY BROOK ),HEALTH SCIENCES CENTER SUNY,STONY BROOK,NY,11794,NY - East Long Island,23,"$67,498.30","$27,377.57","$24,931.13"
"328 - STOMACH, ESOPHAGEAL & DUODENAL PROC W/O CC/MCC",330393,UNIVERSITY HOSPITAL ( STONY BROOK ),HEALTH SCIENCES CENTER SUNY,STONY BROOK,NY,11794,NY - East Long Island,20,"$32,369.75","$16,866.20","$12,705.90"
329 - MAJOR SMALL & LARGE BOWEL PROCEDURES W MCC,330393,UNIVERSITY HOSPITAL ( STONY BROOK ),HEALTH SCIENCES CENTER SUNY,STONY BROOK,NY,11794,NY - East Long Island,43,"$222,684.86","$78,999.67","$40,436.40"
330 - MAJOR SMALL & LARGE BOWEL PROCEDURES W CC,330393,UNIVERSITY HOSPITAL ( STONY BROOK ),HEALTH SCIENCES CENTER SUNY,STONY BROOK,NY,11794,NY - East Long Island,46,"$105,530.54","$28,231.89","$22,312.48"
331 - MAJOR SMALL & LARGE BOWEL PROCEDURES W/O CC/MCC,330393,UNIVERSITY HOSPITAL ( STONY BROOK ),HEALTH SCIENCES CENTER SUNY,STONY BROOK,NY,11794,NY - East Long Island,13,"$56,145.15","$20,988.62","$11,981.85"
344 - MINOR SMALL & LARGE BOWEL PROCEDURES W MCC,330393,UNIVERSITY HOSPITAL ( STONY BROOK ),HEALTH SCIENCES CENTER SUNY,STONY BROOK,NY,11794,NY - East Long Island,16,"$98,860.13","$34,269.63","$30,713.56"
355 - HERNIA PROCEDURES EXCEPT INGUINAL & FEMORAL W/O CC/MCC,330393,UNIVERSITY HOSPITAL ( STONY BROOK ),HEALTH SCIENCES CENTER SUNY,STONY BROOK,NY,11794,NY - East Long Island,14,"$27,498.07","$13,197.57","$11,504.93"
356 - OTHER DIGESTIVE SYSTEM O.R. PROCEDURES W MCC,330393,UNIVERSITY HOSPITAL ( STONY BROOK ),HEALTH SCIENCES CENTER SUNY,STONY BROOK,NY,11794,NY - East Long Island,12,"$110,504.83","$38,180.58","$35,384.25"
371 - MAJOR GASTROINTESTINAL DISORDERS & PERITONEAL INFECTIONS W MCC,330393,UNIVERSITY HOSPITAL ( STONY BROOK ),HEALTH SCIENCES CENTER SUNY,STONY BROOK,NY,11794,NY - East Long Island,31,"$60,382.68","$18,801.45","$15,768.90"
372 - MAJOR GASTROINTESTINAL DISORDERS & PERITONEAL INFECTIONS W CC,330393,UNIVERSITY HOSPITAL ( STONY BROOK ),HEALTH SCIENCES CENTER SUNY,STONY BROOK,NY,11794,NY - East Long Island,25,"$36,309.64","$12,257.76","$10,584.88"
374 - DIGESTIVE MALIGNANCY W MCC,330393,UNIVERSITY HOSPITAL ( STONY BROOK ),HEALTH SCIENCES CENTER SUNY,STONY BROOK,NY,11794,NY - East Long Island,31,"$77,630.13","$23,016.13","$19,077.90"
375 - DIGESTIVE MALIGNANCY W CC,330393,UNIVERSITY HOSPITAL ( STONY BROOK ),HEALTH SCIENCES CENTER SUNY,STONY BROOK,NY,11794,NY - East Long Island,21,"$48,869.43","$14,126.81","$11,944.33"
377 - G.I. HEMORRHAGE W MCC,330393,UNIVERSITY HOSPITAL ( STONY BROOK ),HEALTH SCIENCES CENTER SUNY,STONY BROOK,NY,11794,NY - East Long Island,58,"$76,575.47","$19,967.74","$17,311.57"
378 - G.I. HEMORRHAGE W CC,330393,UNIVERSITY HOSPITAL ( STONY BROOK ),HEALTH SCIENCES CENTER SUNY,STONY BROOK,NY,11794,NY - East Long Island,116,"$46,774.23","$11,614.93","$9,293.10"
388 - G.I. OBSTRUCTION W MCC,330393,UNIVERSITY HOSPITAL ( STONY BROOK ),HEALTH SCIENCES CENTER SUNY,STONY BROOK,NY,11794,NY - East Long Island,19,"$52,699.95","$18,477.21","$14,649.21"
389 - G.I. OBSTRUCTION W CC,330393,UNIVERSITY HOSPITAL ( STONY BROOK ),HEALTH SCIENCES CENTER SUNY,STONY BROOK,NY,11794,NY - East Long Island,33,"$38,845.76","$10,155.52","$7,784.73"
390 - G.I. OBSTRUCTION W/O CC/MCC,330393,UNIVERSITY HOSPITAL ( STONY BROOK ),HEALTH SCIENCES CENTER SUNY,STONY BROOK,NY,11794,NY - East Long Island,21,"$26,589.24","$7,905.10","$5,187.24"
"391 - ESOPHAGITIS, GASTROENT & MISC DIGEST DISORDERS W MCC",330393,UNIVERSITY HOSPITAL ( STONY BROOK ),HEALTH SCIENCES CENTER SUNY,STONY BROOK,NY,11794,NY - East Long Island,55,"$66,349.93","$17,370.69","$14,416.47"
"392 - ESOPHAGITIS, GASTROENT & MISC DIGEST DISORDERS W/O MCC",330393,UNIVERSITY HOSPITAL ( STONY BROOK ),HEALTH SCIENCES CENTER SUNY,STONY BROOK,NY,11794,NY - East Long Island,124,"$35,745.83","$9,208.69","$7,132.51"
393 - OTHER DIGESTIVE SYSTEM DIAGNOSES W MCC,330393,UNIVERSITY HOSPITAL ( STONY BROOK ),HEALTH SCIENCES CENTER SUNY,STONY BROOK,NY,11794,NY - East Long Island,31,"$66,897.68","$19,813.65","$15,322.90"
394 - OTHER DIGESTIVE SYSTEM DIAGNOSES W CC,330393,UNIVERSITY HOSPITAL ( STONY BROOK ),HEALTH SCIENCES CENTER SUNY,STONY BROOK,NY,11794,NY - East Long Island,42,"$35,128.60","$11,046.71","$8,910.02"
395 - OTHER DIGESTIVE SYSTEM DIAGNOSES W/O CC/MCC,330393,UNIVERSITY HOSPITAL ( STONY BROOK ),HEALTH SCIENCES CENTER SUNY,STONY BROOK,NY,11794,NY - East Long Island,20,"$24,114.60","$8,024.45","$6,410.50"
417 - LAPAROSCOPIC CHOLECYSTECTOMY W/O C.D.E. W MCC,330393,UNIVERSITY HOSPITAL ( STONY BROOK ),HEALTH SCIENCES CENTER SUNY,STONY BROOK,NY,11794,NY - East Long Island,12,"$87,873.17","$28,493.33","$19,698.50"
418 - LAPAROSCOPIC CHOLECYSTECTOMY W/O C.D.E. W CC,330393,UNIVERSITY HOSPITAL ( STONY BROOK ),HEALTH SCIENCES CENTER SUNY,STONY BROOK,NY,11794,NY - East Long Island,11,"$71,058.00","$19,714.64","$14,779.45"
419 - LAPAROSCOPIC CHOLECYSTECTOMY W/O C.D.E. W/O CC/MCC,330393,UNIVERSITY HOSPITAL ( STONY BROOK ),HEALTH SCIENCES CENTER SUNY,STONY BROOK,NY,11794,NY - East Long Island,17,"$33,616.88","$13,529.59","$11,966.65"
432 - CIRRHOSIS & ALCOHOLIC HEPATITIS W MCC,330393,UNIVERSITY HOSPITAL ( STONY BROOK ),HEALTH SCIENCES CENTER SUNY,STONY BROOK,NY,11794,NY - East Long Island,18,"$64,349.83","$18,547.00","$16,138.22"
435 - MALIGNANCY OF HEPATOBILIARY SYSTEM OR PANCREAS W MCC,330393,UNIVERSITY HOSPITAL ( STONY BROOK ),HEALTH SCIENCES CENTER SUNY,STONY BROOK,NY,11794,NY - East Long Island,31,"$65,459.97","$20,542.48","$16,547.74"
439 - DISORDERS OF PANCREAS EXCEPT MALIGNANCY W CC,330393,UNIVERSITY HOSPITAL ( STONY BROOK ),HEALTH SCIENCES CENTER SUNY,STONY BROOK,NY,11794,NY - East Long Island,18,"$31,397.06","$10,495.72","$8,087.94"
"441 - DISORDERS OF LIVER EXCEPT MALIG,CIRR,ALC HEPA W MCC",330393,UNIVERSITY HOSPITAL ( STONY BROOK ),HEALTH SCIENCES CENTER SUNY,STONY BROOK,NY,11794,NY - East Long Island,19,"$65,721.37","$21,269.26","$17,714.47"
"442 - DISORDERS OF LIVER EXCEPT MALIG,CIRR,ALC HEPA W CC",330393,UNIVERSITY HOSPITAL ( STONY BROOK ),HEALTH SCIENCES CENTER SUNY,STONY BROOK,NY,11794,NY - East Long Island,12,"$44,936.83","$11,024.42","$9,463.58"
444 - DISORDERS OF THE BILIARY TRACT W MCC,330393,UNIVERSITY HOSPITAL ( STONY BROOK ),HEALTH SCIENCES CENTER SUNY,STONY BROOK,NY,11794,NY - East Long Island,15,"$97,441.73","$27,728.40","$21,048.93"
445 - DISORDERS OF THE BILIARY TRACT W CC,330393,UNIVERSITY HOSPITAL ( STONY BROOK ),HEALTH SCIENCES CENTER SUNY,STONY BROOK,NY,11794,NY - East Long Island,19,"$41,776.58","$12,042.89","$10,178.47"
446 - DISORDERS OF THE BILIARY TRACT W/O CC/MCC,330393,UNIVERSITY HOSPITAL ( STONY BROOK ),HEALTH SCIENCES CENTER SUNY,STONY BROOK,NY,11794,NY - East Long Island,11,"$32,233.00","$9,095.00","$7,312.18"
460 - SPINAL FUSION EXCEPT CERVICAL W/O MCC,330393,UNIVERSITY HOSPITAL ( STONY BROOK ),HEALTH SCIENCES CENTER SUNY,STONY BROOK,NY,11794,NY - East Long Island,91,"$74,176.23","$41,823.51","$33,746.65"
467 - REVISION OF HIP OR KNEE REPLACEMENT W CC,330393,UNIVERSITY HOSPITAL ( STONY BROOK ),HEALTH SCIENCES CENTER SUNY,STONY BROOK,NY,11794,NY - East Long Island,17,"$84,824.06","$37,563.35","$31,255.35"
469 - MAJOR JOINT REPLACEMENT OR REATTACHMENT OF LOWER EXTREMITY W MCC,330393,UNIVERSITY HOSPITAL ( STONY BROOK ),HEALTH SCIENCES CENTER SUNY,STONY BROOK,NY,11794,NY - East Long Island,14,"$140,170.64","$35,956.86","$28,545.29"
470 - MAJOR JOINT REPLACEMENT OR REATTACHMENT OF LOWER EXTREMITY W/O MCC,330393,UNIVERSITY HOSPITAL ( STONY BROOK ),HEALTH SCIENCES CENTER SUNY,STONY BROOK,NY,11794,NY - East Long Island,346,"$46,727.15","$22,826.61","$17,733.30"
472 - CERVICAL SPINAL FUSION W CC,330393,UNIVERSITY HOSPITAL ( STONY BROOK ),HEALTH SCIENCES CENTER SUNY,STONY BROOK,NY,11794,NY - East Long Island,18,"$80,187.78","$30,600.33","$22,926.89"
473 - CERVICAL SPINAL FUSION W/O CC/MCC,330393,UNIVERSITY HOSPITAL ( STONY BROOK ),HEALTH SCIENCES CENTER SUNY,STONY BROOK,NY,11794,NY - East Long Island,23,"$43,772.74","$23,286.70","$19,526.83"
480 - HIP & FEMUR PROCEDURES EXCEPT MAJOR JOINT W MCC,330393,UNIVERSITY HOSPITAL ( STONY BROOK ),HEALTH SCIENCES CENTER SUNY,STONY BROOK,NY,11794,NY - East Long Island,23,"$136,174.43","$34,912.74","$29,070.00"
481 - HIP & FEMUR PROCEDURES EXCEPT MAJOR JOINT W CC,330393,UNIVERSITY HOSPITAL ( STONY BROOK ),HEALTH SCIENCES CENTER SUNY,STONY BROOK,NY,11794,NY - East Long Island,91,"$81,505.52","$21,645.03","$18,434.45"
483 - MAJOR JOINT/LIMB REATTACHMENT PROCEDURE OF UPPER EXTREMITIES,330393,UNIVERSITY HOSPITAL ( STONY BROOK ),HEALTH SCIENCES CENTER SUNY,STONY BROOK,NY,11794,NY - East Long Island,22,"$66,586.45","$25,949.41","$20,834.68"
"493 - LOWER EXTREM & HUMER PROC EXCEPT HIP,FOOT,FEMUR W CC",330393,UNIVERSITY HOSPITAL ( STONY BROOK ),HEALTH SCIENCES CENTER SUNY,STONY BROOK,NY,11794,NY - East Long Island,19,"$108,819.00","$23,791.74","$17,843.63"
"494 - LOWER EXTREM & HUMER PROC EXCEPT HIP,FOOT,FEMUR W/O CC/MCC",330393,UNIVERSITY HOSPITAL ( STONY BROOK ),HEALTH SCIENCES CENTER SUNY,STONY BROOK,NY,11794,NY - East Long Island,15,"$62,131.00","$17,620.93","$12,932.07"
501 - SOFT TISSUE PROCEDURES W CC,330393,UNIVERSITY HOSPITAL ( STONY BROOK ),HEALTH SCIENCES CENTER SUNY,STONY BROOK,NY,11794,NY - East Long Island,11,"$63,817.91","$18,351.82","$13,722.91"
516 - OTHER MUSCULOSKELET SYS & CONN TISS O.R. PROC W CC,330393,UNIVERSITY HOSPITAL ( STONY BROOK ),HEALTH SCIENCES CENTER SUNY,STONY BROOK,NY,11794,NY - East Long Island,14,"$67,316.86","$20,834.07","$17,621.71"
536 - FRACTURES OF HIP & PELVIS W/O MCC,330393,UNIVERSITY HOSPITAL ( STONY BROOK ),HEALTH SCIENCES CENTER SUNY,STONY BROOK,NY,11794,NY - East Long Island,31,"$42,943.52","$8,753.39","$6,599.90"
542 - PATHOLOGICAL FRACTURES & MUSCULOSKELET & CONN TISS MALIG W MCC,330393,UNIVERSITY HOSPITAL ( STONY BROOK ),HEALTH SCIENCES CENTER SUNY,STONY BROOK,NY,11794,NY - East Long Island,14,"$95,144.64","$24,030.86","$18,908.86"
543 - PATHOLOGICAL FRACTURES & MUSCULOSKELET & CONN TISS MALIG W CC,330393,UNIVERSITY HOSPITAL ( STONY BROOK ),HEALTH SCIENCES CENTER SUNY,STONY BROOK,NY,11794,NY - East Long Island,27,"$44,014.00","$12,816.93","$10,831.67"
551 - MEDICAL BACK PROBLEMS W MCC,330393,UNIVERSITY HOSPITAL ( STONY BROOK ),HEALTH SCIENCES CENTER SUNY,STONY BROOK,NY,11794,NY - East Long Island,29,"$110,419.28","$24,078.38","$19,986.79"
552 - MEDICAL BACK PROBLEMS W/O MCC,330393,UNIVERSITY HOSPITAL ( STONY BROOK ),HEALTH SCIENCES CENTER SUNY,STONY BROOK,NY,11794,NY - East Long Island,105,"$40,845.76","$10,379.02","$7,782.45"
554 - BONE DISEASES & ARTHROPATHIES W/O MCC,330393,UNIVERSITY HOSPITAL ( STONY BROOK ),HEALTH SCIENCES CENTER SUNY,STONY BROOK,NY,11794,NY - East Long Island,24,"$31,957.33","$8,985.17","$6,970.42"
556 - SIGNS & SYMPTOMS OF MUSCULOSKELETAL SYSTEM & CONN TISSUE W/O MCC,330393,UNIVERSITY HOSPITAL ( STONY BROOK ),HEALTH SCIENCES CENTER SUNY,STONY BROOK,NY,11794,NY - East Long Island,15,"$22,809.20","$8,695.93","$7,199.53"
"562 - FX, SPRN, STRN & DISL EXCEPT FEMUR, HIP, PELVIS & THIGH W MCC",330393,UNIVERSITY HOSPITAL ( STONY BROOK ),HEALTH SCIENCES CENTER SUNY,STONY BROOK,NY,11794,NY - East Long Island,12,"$51,188.83","$15,117.50","$12,856.75"
"563 - FX, SPRN, STRN & DISL EXCEPT FEMUR, HIP, PELVIS & THIGH W/O MCC",330393,UNIVERSITY HOSPITAL ( STONY BROOK ),HEALTH SCIENCES CENTER SUNY,STONY BROOK,NY,11794,NY - East Long Island,37,"$40,024.43","$9,376.05","$7,309.65"
"580 - OTHER SKIN, SUBCUT TISS & BREAST PROC W CC",330393,UNIVERSITY HOSPITAL ( STONY BROOK ),HEALTH SCIENCES CENTER SUNY,STONY BROOK,NY,11794,NY - East Long Island,17,"$49,129.47","$16,933.59","$12,238.71"
"581 - OTHER SKIN, SUBCUT TISS & BREAST PROC W/O CC/MCC",330393,UNIVERSITY HOSPITAL ( STONY BROOK ),HEALTH SCIENCES CENTER SUNY,STONY BROOK,NY,11794,NY - East Long Island,17,"$34,450.53","$13,011.29","$10,316.29"
602 - CELLULITIS W MCC,330393,UNIVERSITY HOSPITAL ( STONY BROOK ),HEALTH SCIENCES CENTER SUNY,STONY BROOK,NY,11794,NY - East Long Island,21,"$54,165.52","$16,074.19","$13,754.62"
603 - CELLULITIS W/O MCC,330393,UNIVERSITY HOSPITAL ( STONY BROOK ),HEALTH SCIENCES CENTER SUNY,STONY BROOK,NY,11794,NY - East Long Island,74,"$32,400.58","$9,854.04","$7,440.36"
"605 - TRAUMA TO THE SKIN, SUBCUT TISS & BREAST W/O MCC",330393,UNIVERSITY HOSPITAL ( STONY BROOK ),HEALTH SCIENCES CENTER SUNY,STONY BROOK,NY,11794,NY - East Long Island,23,"$41,834.39","$9,623.39","$7,658.35"
621 - O.R. PROCEDURES FOR OBESITY W/O CC/MCC,330393,UNIVERSITY HOSPITAL ( STONY BROOK ),HEALTH SCIENCES CENTER SUNY,STONY BROOK,NY,11794,NY - East Long Island,12,"$31,866.75","$17,480.50","$13,515.42"
637 - DIABETES W MCC,330393,UNIVERSITY HOSPITAL ( STONY BROOK ),HEALTH SCIENCES CENTER SUNY,STONY BROOK,NY,11794,NY - East Long Island,32,"$66,311.50","$17,420.03","$14,534.66"
638 - DIABETES W CC,330393,UNIVERSITY HOSPITAL ( STONY BROOK ),HEALTH SCIENCES CENTER SUNY,STONY BROOK,NY,11794,NY - East Long Island,31,"$31,391.13","$10,107.29","$8,019.39"
"640 - MISC DISORDERS OF NUTRITION,METABOLISM,FLUIDS/ELECTROLYTES W MCC",330393,UNIVERSITY HOSPITAL ( STONY BROOK ),HEALTH SCIENCES CENTER SUNY,STONY BROOK,NY,11794,NY - East Long Island,72,"$48,924.17","$13,347.54","$10,592.18"
"641 - MISC DISORDERS OF NUTRITION,METABOLISM,FLUIDS/ELECTROLYTES W/O MCC",330393,UNIVERSITY HOSPITAL ( STONY BROOK ),HEALTH SCIENCES CENTER SUNY,STONY BROOK,NY,11794,NY - East Long Island,57,"$31,636.02","$8,742.72","$6,769.21"
643 - ENDOCRINE DISORDERS W MCC,330393,UNIVERSITY HOSPITAL ( STONY BROOK ),HEALTH SCIENCES CENTER SUNY,STONY BROOK,NY,11794,NY - East Long Island,16,"$59,464.13","$17,729.94","$15,418.63"
652 - KIDNEY TRANSPLANT,330393,UNIVERSITY HOSPITAL ( STONY BROOK ),HEALTH SCIENCES CENTER SUNY,STONY BROOK,NY,11794,NY - East Long Island,50,"$206,373.60","$40,073.36","$32,416.30"
654 - MAJOR BLADDER PROCEDURES W CC,330393,UNIVERSITY HOSPITAL ( STONY BROOK ),HEALTH SCIENCES CENTER SUNY,STONY BROOK,NY,11794,NY - East Long Island,12,"$98,921.00","$31,216.42","$28,644.17"
657 - KIDNEY & URETER PROCEDURES FOR NEOPLASM W CC,330393,UNIVERSITY HOSPITAL ( STONY BROOK ),HEALTH SCIENCES CENTER SUNY,STONY BROOK,NY,11794,NY - East Long Island,17,"$68,787.41","$22,653.41","$18,097.41"
659 - KIDNEY & URETER PROCEDURES FOR NON-NEOPLASM W MCC,330393,UNIVERSITY HOSPITAL ( STONY BROOK ),HEALTH SCIENCES CENTER SUNY,STONY BROOK,NY,11794,NY - East Long Island,20,"$142,742.00","$40,849.35","$37,065.65"
660 - KIDNEY & URETER PROCEDURES FOR NON-NEOPLASM W CC,330393,UNIVERSITY HOSPITAL ( STONY BROOK ),HEALTH SCIENCES CENTER SUNY,STONY BROOK,NY,11794,NY - East Long Island,43,"$55,178.91","$19,482.79","$17,493.88"
661 - KIDNEY & URETER PROCEDURES FOR NON-NEOPLASM W/O CC/MCC,330393,UNIVERSITY HOSPITAL ( STONY BROOK ),HEALTH SCIENCES CENTER SUNY,STONY BROOK,NY,11794,NY - East Long Island,15,"$33,283.20","$14,628.00","$13,187.67"
669 - TRANSURETHRAL PROCEDURES W CC,330393,UNIVERSITY HOSPITAL ( STONY BROOK ),HEALTH SCIENCES CENTER SUNY,STONY BROOK,NY,11794,NY - East Long Island,17,"$58,418.53","$14,890.12","$11,909.82"
673 - OTHER KIDNEY & URINARY TRACT PROCEDURES W MCC,330393,UNIVERSITY HOSPITAL ( STONY BROOK ),HEALTH SCIENCES CENTER SUNY,STONY BROOK,NY,11794,NY - East Long Island,13,"$144,716.92","$39,599.77","$29,934.77"
682 - RENAL FAILURE W MCC,330393,UNIVERSITY HOSPITAL ( STONY BROOK ),HEALTH SCIENCES CENTER SUNY,STONY BROOK,NY,11794,NY - East Long Island,109,"$52,133.10","$16,837.40","$13,820.72"
683 - RENAL FAILURE W CC,330393,UNIVERSITY HOSPITAL ( STONY BROOK ),HEALTH SCIENCES CENTER SUNY,STONY BROOK,NY,11794,NY - East Long Island,129,"$35,982.84","$10,919.76","$8,579.77"
684 - RENAL FAILURE W/O CC/MCC,330393,UNIVERSITY HOSPITAL ( STONY BROOK ),HEALTH SCIENCES CENTER SUNY,STONY BROOK,NY,11794,NY - East Long Island,11,"$28,084.18","$7,810.18","$5,377.00"
689 - KIDNEY & URINARY TRACT INFECTIONS W MCC,330393,UNIVERSITY HOSPITAL ( STONY BROOK ),HEALTH SCIENCES CENTER SUNY,STONY BROOK,NY,11794,NY - East Long Island,106,"$44,968.75","$12,375.92","$10,154.47"
690 - KIDNEY & URINARY TRACT INFECTIONS W/O MCC,330393,UNIVERSITY HOSPITAL ( STONY BROOK ),HEALTH SCIENCES CENTER SUNY,STONY BROOK,NY,11794,NY - East Long Island,117,"$32,283.16","$9,532.09","$7,067.27"
694 - URINARY STONES W/O ESW LITHOTRIPSY W/O MCC,330393,UNIVERSITY HOSPITAL ( STONY BROOK ),HEALTH SCIENCES CENTER SUNY,STONY BROOK,NY,11794,NY - East Long Island,15,"$25,865.40","$8,537.60","$6,888.80"
698 - OTHER KIDNEY & URINARY TRACT DIAGNOSES W MCC,330393,UNIVERSITY HOSPITAL ( STONY BROOK ),HEALTH SCIENCES CENTER SUNY,STONY BROOK,NY,11794,NY - East Long Island,73,"$70,324.85","$20,024.73","$16,873.86"
699 - OTHER KIDNEY & URINARY TRACT DIAGNOSES W CC,330393,UNIVERSITY HOSPITAL ( STONY BROOK ),HEALTH SCIENCES CENTER SUNY,STONY BROOK,NY,11794,NY - East Long Island,48,"$33,608.25","$11,743.02","$8,756.81"
713 - TRANSURETHRAL PROSTATECTOMY W CC/MCC,330393,UNIVERSITY HOSPITAL ( STONY BROOK ),HEALTH SCIENCES CENTER SUNY,STONY BROOK,NY,11794,NY - East Long Island,14,"$48,164.36","$16,393.79","$14,528.57"
742 - UTERINE & ADNEXA PROC FOR NON-MALIGNANCY W CC/MCC,330393,UNIVERSITY HOSPITAL ( STONY BROOK ),HEALTH SCIENCES CENTER SUNY,STONY BROOK,NY,11794,NY - East Long Island,20,"$37,563.40","$16,836.70","$13,927.25"
743 - UTERINE & ADNEXA PROC FOR NON-MALIGNANCY W/O CC/MCC,330393,UNIVERSITY HOSPITAL ( STONY BROOK ),HEALTH SCIENCES CENTER SUNY,STONY BROOK,NY,11794,NY - East Long Island,31,"$27,803.19","$10,923.58","$9,104.32"
775 - VAGINAL DELIVERY W/O COMPLICATING DIAGNOSES,330393,UNIVERSITY HOSPITAL ( STONY BROOK ),HEALTH SCIENCES CENTER SUNY,STONY BROOK,NY,11794,NY - East Long Island,12,"$41,562.67","$9,537.92","$6,718.50"
808 - MAJOR HEMATOL/IMMUN DIAG EXC SICKLE CELL CRISIS & COAGUL W MCC,330393,UNIVERSITY HOSPITAL ( STONY BROOK ),HEALTH SCIENCES CENTER SUNY,STONY BROOK,NY,11794,NY - East Long Island,26,"$236,604.65","$35,835.19","$29,631.31"
809 - MAJOR HEMATOL/IMMUN DIAG EXC SICKLE CELL CRISIS & COAGUL W CC,330393,UNIVERSITY HOSPITAL ( STONY BROOK ),HEALTH SCIENCES CENTER SUNY,STONY BROOK,NY,11794,NY - East Long Island,23,"$60,006.22","$14,855.74","$12,097.39"
811 - RED BLOOD CELL DISORDERS W MCC,330393,UNIVERSITY HOSPITAL ( STONY BROOK ),HEALTH SCIENCES CENTER SUNY,STONY BROOK,NY,11794,NY - East Long Island,26,"$46,225.85","$14,616.00","$12,544.54"
812 - RED BLOOD CELL DISORDERS W/O MCC,330393,UNIVERSITY HOSPITAL ( STONY BROOK ),HEALTH SCIENCES CENTER SUNY,STONY BROOK,NY,11794,NY - East Long Island,53,"$30,283.83","$9,974.34","$8,135.62"
813 - COAGULATION DISORDERS,330393,UNIVERSITY HOSPITAL ( STONY BROOK ),HEALTH SCIENCES CENTER SUNY,STONY BROOK,NY,11794,NY - East Long Island,14,"$68,488.14","$19,550.36","$17,384.50"
834 - ACUTE LEUKEMIA W/O MAJOR O.R. PROCEDURE W MCC,330393,UNIVERSITY HOSPITAL ( STONY BROOK ),HEALTH SCIENCES CENTER SUNY,STONY BROOK,NY,11794,NY - East Long Island,12,"$337,014.83","$84,561.25","$77,100.92"
840 - LYMPHOMA & NON-ACUTE LEUKEMIA W MCC,330393,UNIVERSITY HOSPITAL ( STONY BROOK ),HEALTH SCIENCES CENTER SUNY,STONY BROOK,NY,11794,NY - East Long Island,22,"$138,476.27","$38,335.55","$33,852.45"
853 - INFECTIOUS & PARASITIC DISEASES W O.R. PROCEDURE W MCC,330393,UNIVERSITY HOSPITAL ( STONY BROOK ),HEALTH SCIENCES CENTER SUNY,STONY BROOK,NY,11794,NY - East Long Island,93,"$193,589.83","$59,527.41","$49,097.96"
854 - INFECTIOUS & PARASITIC DISEASES W O.R. PROCEDURE W CC,330393,UNIVERSITY HOSPITAL ( STONY BROOK ),HEALTH SCIENCES CENTER SUNY,STONY BROOK,NY,11794,NY - East Long Island,24,"$93,785.54","$25,871.08","$22,569.46"
856 - POSTOPERATIVE OR POST-TRAUMATIC INFECTIONS W O.R. PROC W MCC,330393,UNIVERSITY HOSPITAL ( STONY BROOK ),HEALTH SCIENCES CENTER SUNY,STONY BROOK,NY,11794,NY - East Long Island,15,"$273,817.73","$67,216.60","$59,867.80"
862 - POSTOPERATIVE & POST-TRAUMATIC INFECTIONS W MCC,330393,UNIVERSITY HOSPITAL ( STONY BROOK ),HEALTH SCIENCES CENTER SUNY,STONY BROOK,NY,11794,NY - East Long Island,18,"$59,305.78","$21,736.83","$12,709.28"
863 - POSTOPERATIVE & POST-TRAUMATIC INFECTIONS W/O MCC,330393,UNIVERSITY HOSPITAL ( STONY BROOK ),HEALTH SCIENCES CENTER SUNY,STONY BROOK,NY,11794,NY - East Long Island,12,"$40,031.92","$11,072.42","$9,451.42"
864 - FEVER,330393,UNIVERSITY HOSPITAL ( STONY BROOK ),HEALTH SCIENCES CENTER SUNY,STONY BROOK,NY,11794,NY - East Long Island,11,"$28,335.55","$9,763.91","$8,263.27"
870 - SEPTICEMIA OR SEVERE SEPSIS W MV >96 HOURS,330393,UNIVERSITY HOSPITAL ( STONY BROOK ),HEALTH SCIENCES CENTER SUNY,STONY BROOK,NY,11794,NY - East Long Island,36,"$224,841.17","$67,656.08","$54,030.44"
871 - SEPTICEMIA OR SEVERE SEPSIS W/O MV >96 HOURS W MCC,330393,UNIVERSITY HOSPITAL ( STONY BROOK ),HEALTH SCIENCES CENTER SUNY,STONY BROOK,NY,11794,NY - East Long Island,679,"$74,133.28","$20,862.48","$17,362.58"
872 - SEPTICEMIA OR SEVERE SEPSIS W/O MV >96 HOURS W/O MCC,330393,UNIVERSITY HOSPITAL ( STONY BROOK ),HEALTH SCIENCES CENTER SUNY,STONY BROOK,NY,11794,NY - East Long Island,154,"$42,837.32","$12,262.40","$9,472.22"
884 - ORGANIC DISTURBANCES & INTELLECTUAL DISABILITY,330393,UNIVERSITY HOSPITAL ( STONY BROOK ),HEALTH SCIENCES CENTER SUNY,STONY BROOK,NY,11794,NY - East Long Island,40,"$47,279.45","$13,306.78","$9,927.18"
885 - PSYCHOSES,330393,UNIVERSITY HOSPITAL ( STONY BROOK ),HEALTH SCIENCES CENTER SUNY,STONY BROOK,NY,11794,NY - East Long Island,14,"$37,585.07","$12,274.64","$10,477.93"
897 - ALCOHOL/DRUG ABUSE OR DEPENDENCE W/O REHABILITATION THERAPY W/O MCC,330393,UNIVERSITY HOSPITAL ( STONY BROOK ),HEALTH SCIENCES CENTER SUNY,STONY BROOK,NY,11794,NY - East Long Island,16,"$36,375.88","$8,893.56","$6,927.31"
907 - OTHER O.R. PROCEDURES FOR INJURIES W MCC,330393,UNIVERSITY HOSPITAL ( STONY BROOK ),HEALTH SCIENCES CENTER SUNY,STONY BROOK,NY,11794,NY - East Long Island,18,"$133,884.17","$45,101.67","$31,701.78"
908 - OTHER O.R. PROCEDURES FOR INJURIES W CC,330393,UNIVERSITY HOSPITAL ( STONY BROOK ),HEALTH SCIENCES CENTER SUNY,STONY BROOK,NY,11794,NY - East Long Island,16,"$62,317.25","$20,988.63","$19,094.06"
917 - POISONING & TOXIC EFFECTS OF DRUGS W MCC,330393,UNIVERSITY HOSPITAL ( STONY BROOK ),HEALTH SCIENCES CENTER SUNY,STONY BROOK,NY,11794,NY - East Long Island,33,"$76,557.24","$16,918.42","$13,661.67"
918 - POISONING & TOXIC EFFECTS OF DRUGS W/O MCC,330393,UNIVERSITY HOSPITAL ( STONY BROOK ),HEALTH SCIENCES CENTER SUNY,STONY BROOK,NY,11794,NY - East Long Island,20,"$34,862.40","$8,023.00","$6,222.10"
919 - COMPLICATIONS OF TREATMENT W MCC,330393,UNIVERSITY HOSPITAL ( STONY BROOK ),HEALTH SCIENCES CENTER SUNY,STONY BROOK,NY,11794,NY - East Long Island,21,"$80,524.57","$22,019.67","$17,333.10"
920 - COMPLICATIONS OF TREATMENT W CC,330393,UNIVERSITY HOSPITAL ( STONY BROOK ),HEALTH SCIENCES CENTER SUNY,STONY BROOK,NY,11794,NY - East Long Island,26,"$36,241.42","$11,503.54","$10,100.38"
947 - SIGNS & SYMPTOMS W MCC,330393,UNIVERSITY HOSPITAL ( STONY BROOK ),HEALTH SCIENCES CENTER SUNY,STONY BROOK,NY,11794,NY - East Long Island,13,"$45,284.00","$13,175.69","$11,185.08"
948 - SIGNS & SYMPTOMS W/O MCC,330393,UNIVERSITY HOSPITAL ( STONY BROOK ),HEALTH SCIENCES CENTER SUNY,STONY BROOK,NY,11794,NY - East Long Island,34,"$31,494.71","$8,849.32","$6,580.24"
"956 - LIMB REATTACHMENT, HIP & FEMUR PROC FOR MULTIPLE SIGNIFICANT TRAUMA",330393,UNIVERSITY HOSPITAL ( STONY BROOK ),HEALTH SCIENCES CENTER SUNY,STONY BROOK,NY,11794,NY - East Long Island,13,"$137,991.77","$40,603.62","$34,366.77"
963 - OTHER MULTIPLE SIGNIFICANT TRAUMA W MCC,330393,UNIVERSITY HOSPITAL ( STONY BROOK ),HEALTH SCIENCES CENTER SUNY,STONY BROOK,NY,11794,NY - East Long Island,11,"$127,467.55","$35,652.82","$22,390.82"
964 - OTHER MULTIPLE SIGNIFICANT TRAUMA W CC,330393,UNIVERSITY HOSPITAL ( STONY BROOK ),HEALTH SCIENCES CENTER SUNY,STONY BROOK,NY,11794,NY - East Long Island,13,"$71,700.15","$16,792.15","$11,423.15"
974 - HIV W MAJOR RELATED CONDITION W MCC,330393,UNIVERSITY HOSPITAL ( STONY BROOK ),HEALTH SCIENCES CENTER SUNY,STONY BROOK,NY,11794,NY - East Long Island,16,"$74,240.44","$28,527.00","$25,496.00"
981 - EXTENSIVE O.R. PROCEDURE UNRELATED TO PRINCIPAL DIAGNOSIS W MCC,330393,UNIVERSITY HOSPITAL ( STONY BROOK ),HEALTH SCIENCES CENTER SUNY,STONY BROOK,NY,11794,NY - East Long Island,38,"$195,870.37","$57,644.66","$48,721.13"
982 - EXTENSIVE O.R. PROCEDURE UNRELATED TO PRINCIPAL DIAGNOSIS W CC,330393,UNIVERSITY HOSPITAL ( STONY BROOK ),HEALTH SCIENCES CENTER SUNY,STONY BROOK,NY,11794,NY - East Long Island,16,"$90,349.38","$29,905.50","$27,349.50"
987 - NON-EXTENSIVE O.R. PROC UNRELATED TO PRINCIPAL DIAGNOSIS W MCC,330393,UNIVERSITY HOSPITAL ( STONY BROOK ),HEALTH SCIENCES CENTER SUNY,STONY BROOK,NY,11794,NY - East Long Island,12,"$108,757.83","$35,287.67","$31,632.00"
